date,event_type,account_id,algorithm,delta,version
2015-04-21,OUT_OF_BED,15069,wupang,29,none
2015-04-21,SLEEP,15326,wupang,20,none
2015-04-21,OUT_OF_BED,1931,hmm,12,none
2015-04-21,OUT_OF_BED,15233,wupang,31,none
2015-04-21,WAKE_UP,15233,wupang,36,none
2015-04-21,WAKE_UP,15329,wupang,50,none
2015-04-21,OUT_OF_BED,15329,wupang,43,none
2015-04-21,WAKE_UP,1768,wupang,44,none
2015-04-21,OUT_OF_BED,1768,wupang,33,none
2015-04-21,IN_BED,15354,wupang,111,none
2015-04-21,SLEEP,15354,wupang,110,none
2015-04-21,IN_BED,1414,wupang,-10,none
2015-04-21,IN_BED,1414,wupang,-10,none
2015-04-21,WAKE_UP,1508,wupang,231,none
2015-04-21,WAKE_UP,1508,wupang,11,none
2015-04-21,SLEEP,1508,wupang,65,none
2015-04-21,WAKE_UP,15523,wupang,31,none
2015-04-21,OUT_OF_BED,15523,wupang,20,none
2015-04-21,WAKE_UP,15523,wupang,28,none
2015-04-21,WAKE_UP,1792,hmm,45,none
2015-04-21,OUT_OF_BED,15546,wupang,71,none
2015-04-21,SLEEP,15387,wupang,4,none
2015-04-21,OUT_OF_BED,1899,wupang,43,none
2015-04-21,SLEEP,15524,wupang,-51,none
2015-04-21,WAKE_UP,1541,hmm,44,none
2015-04-21,WAKE_UP,1508,wupang,-11,none
2015-04-21,OUT_OF_BED,1541,hmm,12,none
2015-04-21,OUT_OF_BED,1508,wupang,-19,none
2015-04-21,OUT_OF_BED,1508,wupang,-20,none
2015-04-21,OUT_OF_BED,1506,wupang,73,none
2015-04-21,SLEEP,15247,wupang,10,none
2015-04-21,WAKE_UP,1496,wupang,108,none
2015-04-21,IN_BED,15364,wupang,29,none
2015-04-21,SLEEP,15364,wupang,60,none
2015-04-21,IN_BED,15730,hmm,-344,none
2015-04-21,SLEEP,15730,hmm,-242,none
2015-04-21,OUT_OF_BED,15292,hmm,19,none
2015-04-21,SLEEP,15249,wupang,14,none
2015-04-21,WAKE_UP,1930,hmm,27,none
2015-04-21,WAKE_UP,15423,wupang,180,none
2015-04-21,WAKE_UP,1400,hmm,19,none
2015-04-21,OUT_OF_BED,1400,hmm,10,none
2015-04-21,OUT_OF_BED,1545,wupang,41,none
2015-04-21,WAKE_UP,1545,wupang,41,none
2015-04-21,OUT_OF_BED,15110,hmm,14,none
2015-04-21,SLEEP,15307,wupang,29,none
2015-04-21,WAKE_UP,15143,wupang,24,none
2015-04-21,OUT_OF_BED,15145,wupang,10,none
2015-04-21,WAKE_UP,15365,wupang,10,none
2015-04-21,WAKE_UP,1763,wupang,26,none
2015-04-21,OUT_OF_BED,1763,wupang,25,none
2015-04-21,WAKE_UP,1588,wupang,107,none
2015-04-21,WAKE_UP,15217,wupang,81,none
2015-04-21,OUT_OF_BED,15315,wupang,17,none
2015-04-21,OUT_OF_BED,1498,wupang,26,none
2015-04-21,WAKE_UP,1498,wupang,10,none
2015-04-21,OUT_OF_BED,15265,wupang,13,none
2015-04-21,SLEEP,15238,wupang,165,none
2015-04-21,OUT_OF_BED,15086,wupang,27,none
2015-04-21,SLEEP,15265,wupang,-51,none
2015-04-21,SLEEP,15234,wupang,8,none
2015-04-21,WAKE_UP,15234,wupang,20,none
2015-04-21,OUT_OF_BED,15234,wupang,11,none
2015-04-21,SLEEP,15296,wupang,270,none
2015-04-21,IN_BED,1614,wupang,-14,none
2015-04-21,WAKE_UP,1614,wupang,67,none
2015-04-21,OUT_OF_BED,1614,wupang,57,none
2015-04-21,SLEEP,15539,wupang,85,none
2015-04-21,WAKE_UP,15539,wupang,41,none
2015-04-21,OUT_OF_BED,15539,wupang,-13,none
2015-04-21,OUT_OF_BED,1727,wupang,23,none
2015-04-21,WAKE_UP,1727,wupang,-9,none
2015-04-21,WAKE_UP,15247,wupang,-18,none
2015-04-21,OUT_OF_BED,15510,hmm,-51,none
2015-04-21,WAKE_UP,1861,hmm,40,none
2015-04-21,OUT_OF_BED,1861,hmm,13,none
2015-04-21,OUT_OF_BED,15536,wupang,57,none
2015-04-21,OUT_OF_BED,15348,wupang,60,none
2015-04-21,WAKE_UP,15348,wupang,92,none
2015-04-21,WAKE_UP,15070,hmm,52,none
2015-04-21,OUT_OF_BED,15633,wupang,38,none
2015-04-21,IN_BED,15711,hmm,43,none
2015-04-21,OUT_OF_BED,15639,wupang,91,none
2015-04-21,WAKE_UP,15633,wupang,-42,none
2015-04-21,WAKE_UP,15294,wupang,59,none
2015-04-21,OUT_OF_BED,15294,wupang,59,none
2015-04-21,SLEEP,1278,wupang,123,none
2015-04-21,OUT_OF_BED,15070,hmm,36,none
2015-04-21,WAKE_UP,15070,hmm,51,none
2015-04-21,OUT_OF_BED,15070,hmm,11,none
2015-04-21,WAKE_UP,1515,wupang,99,none
2015-04-21,OUT_OF_BED,1515,wupang,98,none
2015-04-21,WAKE_UP,1863,wupang,173,none
2015-04-21,OUT_OF_BED,1745,wupang,76,none
2015-04-21,OUT_OF_BED,1745,wupang,76,none
2015-04-21,OUT_OF_BED,1863,wupang,180,none
2015-04-21,OUT_OF_BED,15302,hmm,12,none
2015-04-21,OUT_OF_BED,15374,wupang,90,none
2015-04-21,WAKE_UP,15302,hmm,2,none
2015-04-21,WAKE_UP,15073,wupang,123,none
2015-04-21,OUT_OF_BED,15073,wupang,113,none
2015-04-21,WAKE_UP,15512,hmm,-84,none
2015-04-21,OUT_OF_BED,15512,hmm,-85,none
2015-04-21,OUT_OF_BED,15229,wupang,40,none
2015-04-21,OUT_OF_BED,15229,wupang,7,none
2015-04-21,OUT_OF_BED,1479,wupang,180,none
2015-04-21,OUT_OF_BED,1522,hmm,0,none
2015-04-21,OUT_OF_BED,1522,hmm,-7,none
2015-04-21,WAKE_UP,1522,hmm,27,none
2015-04-21,OUT_OF_BED,15534,wupang,33,none
2015-04-21,WAKE_UP,15534,wupang,76,none
2015-04-21,IN_BED,15583,wupang,322,none
2015-04-21,SLEEP,15583,wupang,321,none
2015-04-21,WAKE_UP,1323,wupang,69,none
2015-04-21,OUT_OF_BED,1323,wupang,127,none
2015-04-21,WAKE_UP,15159,wupang,174,none
2015-04-21,OUT_OF_BED,15159,wupang,162,none
2015-04-21,OUT_OF_BED,15486,wupang,20,none
2015-04-21,OUT_OF_BED,1839,wupang,120,none
2015-04-21,WAKE_UP,1839,wupang,120,none
2015-04-21,IN_BED,1839,wupang,-60,none
2015-04-21,OUT_OF_BED,15292,hmm,-8,none
2015-04-21,OUT_OF_BED,1184,wupang,4,none
2015-04-21,OUT_OF_BED,1676,wupang,9,none
2015-04-21,OUT_OF_BED,15604,wupang,88,none
2015-04-21,OUT_OF_BED,15601,hmm,12,none
2015-04-21,WAKE_UP,15601,hmm,-20,none
2015-04-21,SLEEP,15176,wupang,61,none
2015-04-21,OUT_OF_BED,1489,wupang,114,none
2015-04-21,OUT_OF_BED,1489,wupang,114,none
2015-04-21,OUT_OF_BED,1489,wupang,-6,none
2015-04-21,SLEEP,15733,wupang,187,none
2015-04-21,WAKE_UP,1487,wupang,49,none
2015-04-21,OUT_OF_BED,1487,wupang,92,none
2015-04-21,OUT_OF_BED,1599,wupang,107,none
2015-04-21,WAKE_UP,15070,hmm,-60,none
2015-04-21,WAKE_UP,1599,wupang,124,none
2015-04-21,WAKE_UP,15257,wupang,46,none
2015-04-21,WAKE_UP,15257,wupang,46,none
2015-04-21,OUT_OF_BED,15070,hmm,-53,none
2015-04-21,OUT_OF_BED,1599,wupang,52,none
2015-04-21,OUT_OF_BED,15540,hmm,-24,none
2015-04-21,OUT_OF_BED,15540,hmm,-31,none
2015-04-21,WAKE_UP,15357,wupang,60,none
2015-04-21,WAKE_UP,1112,hmm,-18,none
2015-04-21,WAKE_UP,15357,wupang,9,none
2015-04-21,WAKE_UP,1323,wupang,-113,none
2015-04-21,WAKE_UP,1323,wupang,-115,none
2015-04-21,OUT_OF_BED,15357,wupang,8,none
2015-04-21,WAKE_UP,15469,wupang,136,none
2015-04-21,OUT_OF_BED,15469,wupang,139,none
2015-04-21,OUT_OF_BED,15094,wupang,60,none
2015-04-21,OUT_OF_BED,1112,hmm,-18,none
2015-04-21,WAKE_UP,15711,hmm,82,none
2015-04-21,OUT_OF_BED,15121,hmm,-41,none
2015-04-21,OUT_OF_BED,15404,wupang,-8,none
2015-04-21,WAKE_UP,15711,hmm,380,none
2015-04-21,WAKE_UP,15711,hmm,6,none
2015-04-21,SLEEP,15117,wupang,-9,none
2015-04-21,WAKE_UP,15457,hmm,40,none
2015-04-21,OUT_OF_BED,15457,hmm,15,none
2015-04-21,OUT_OF_BED,1796,wupang,-26,none
2015-04-21,WAKE_UP,1796,wupang,-23,none
2015-04-21,OUT_OF_BED,15305,wupang,78,none
2015-04-21,OUT_OF_BED,15587,wupang,170,none
2015-04-21,WAKE_UP,15281,hmm,-28,none
2015-04-21,IN_BED,15594,wupang,80,none
2015-04-21,WAKE_UP,1604,wupang,71,none
2015-04-21,OUT_OF_BED,1604,wupang,85,none
2015-04-21,IN_BED,1001,hmm,-20,none
2015-04-21,SLEEP,1001,hmm,-27,none
2015-04-21,WAKE_UP,1001,hmm,40,none
2015-04-21,OUT_OF_BED,1001,hmm,60,none
2015-04-21,OUT_OF_BED,15542,hmm,-66,none
2015-04-21,OUT_OF_BED,1562,hmm,-19,none
2015-04-21,SLEEP,1562,hmm,60,none
2015-04-21,SLEEP,15057,wupang,106,none
2015-04-21,OUT_OF_BED,1562,hmm,-37,none
2015-04-21,OUT_OF_BED,1414,wupang,11,none
2015-04-21,OUT_OF_BED,1414,wupang,11,none
2015-04-21,OUT_OF_BED,15102,hmm,14,none
2015-04-21,WAKE_UP,15481,hmm,-100,none
2015-04-21,OUT_OF_BED,1609,wupang,20,none
2015-04-21,OUT_OF_BED,15481,hmm,-167,none
2015-04-21,WAKE_UP,1323,wupang,-118,none
2015-04-21,OUT_OF_BED,1323,wupang,-60,none
2015-04-21,WAKE_UP,15574,wupang,-95,none
2015-04-21,OUT_OF_BED,15574,wupang,-63,none
2015-04-21,SLEEP,15464,wupang,18,none
2015-04-21,WAKE_UP,15464,wupang,-15,none
2015-04-21,OUT_OF_BED,15242,hmm,-17,none
2015-04-21,WAKE_UP,15242,hmm,-11,none
2015-04-21,SLEEP,15153,wupang,14,none
2015-04-21,IN_BED,1967,wupang,-57,none
2015-04-21,OUT_OF_BED,15363,wupang,42,none
2015-04-21,WAKE_UP,15363,wupang,43,none
2015-04-21,IN_BED,15356,wupang,-309,none
2015-04-21,WAKE_UP,15356,wupang,-42,none
2015-04-21,OUT_OF_BED,15356,wupang,-23,none
2015-04-21,OUT_OF_BED,15355,wupang,173,none
2015-04-21,OUT_OF_BED,15084,wupang,24,none
2015-04-21,OUT_OF_BED,15429,wupang,-100,none
2015-04-21,WAKE_UP,15429,wupang,-93,none
2015-04-21,SLEEP,15689,wupang,65,none
2015-04-21,OUT_OF_BED,1516,wupang,78,none
2015-04-21,IN_BED,15398,wupang,174,none
2015-04-21,SLEEP,15398,wupang,164,none
2015-04-21,WAKE_UP,15398,wupang,60,none
2015-04-21,OUT_OF_BED,15398,wupang,54,none
2015-04-21,WAKE_UP,15259,wupang,143,none
2015-04-21,OUT_OF_BED,1409,wupang,-13,none
2015-04-21,SLEEP,15167,wupang,165,none
2015-04-21,OUT_OF_BED,15173,wupang,26,none
2015-04-21,WAKE_UP,15070,hmm,-255,none
2015-04-21,OUT_OF_BED,15070,hmm,-276,none
2015-04-21,OUT_OF_BED,1746,wupang,-9,none
2015-04-21,WAKE_UP,15281,hmm,-60,none
2015-04-21,OUT_OF_BED,15281,hmm,-24,none
2015-04-22,WAKE_UP,15668,wupang,360,none
2015-04-21,OUT_OF_BED,1866,wupang,203,none
2015-04-21,IN_BED,15314,wupang,-20,none
2015-04-21,OUT_OF_BED,1546,wupang,-30,none
2015-04-21,SLEEP,1524,wupang,111,none
2015-04-21,OUT_OF_BED,15442,hmm,-60,none
2015-04-21,WAKE_UP,1013,wupang,87,none
2015-04-21,OUT_OF_BED,1013,wupang,100,none
2015-04-21,SLEEP,15446,wupang,26,none
2015-04-21,OUT_OF_BED,15662,hmm,-110,none
2015-04-21,WAKE_UP,1506,wupang,10,none
2015-04-21,WAKE_UP,1012,hmm,4,none
2015-04-21,SLEEP,1012,hmm,1,none
2015-04-21,SLEEP,1573,wupang,27,none
2015-04-21,OUT_OF_BED,1573,wupang,7,none
2015-04-21,WAKE_UP,15120,hmm,-47,none
2015-04-21,OUT_OF_BED,15120,hmm,-28,none
2015-04-21,WAKE_UP,15337,wupang,222,none
2015-04-21,IN_BED,15347,wupang,92,none
2015-04-21,OUT_OF_BED,15347,wupang,-7,none
2015-04-21,WAKE_UP,15399,wupang,160,none
2015-04-21,WAKE_UP,15604,wupang,-60,none
2015-04-21,OUT_OF_BED,15155,wupang,-325,none
2015-04-21,OUT_OF_BED,1574,wupang,128,none
2015-04-21,IN_BED,1536,wupang,-158,none
2015-04-21,OUT_OF_BED,1536,wupang,18,none
2015-04-21,SLEEP,1536,wupang,-164,none
2015-04-21,WAKE_UP,15154,wupang,-117,none
2015-04-21,OUT_OF_BED,15343,wupang,-13,none
2015-04-21,OUT_OF_BED,15532,hmm,-13,none
2015-04-21,IN_BED,15415,wupang,-83,none
2015-04-21,OUT_OF_BED,1522,hmm,-17,none
2015-04-21,WAKE_UP,1522,hmm,-21,none
2015-04-21,OUT_OF_BED,1068,hmm,180,none
2015-04-21,OUT_OF_BED,15399,wupang,158,none
2015-04-21,OUT_OF_BED,1470,hmm,-336,none
2015-04-21,OUT_OF_BED,1470,hmm,-336,none
2015-04-21,OUT_OF_BED,15602,hmm,-40,none
2015-04-21,WAKE_UP,1470,hmm,-315,none
2015-04-21,WAKE_UP,15602,hmm,-43,none
2015-04-21,OUT_OF_BED,1589,wupang,-169,none
2015-04-22,IN_BED,15355,wupang,298,none
2015-04-22,WAKE_UP,15245,wupang,118,none
2015-04-22,OUT_OF_BED,15245,wupang,108,none
2015-04-22,SLEEP,15245,wupang,-52,none
2015-04-22,OUT_OF_BED,15155,wupang,84,none
2015-04-21,WAKE_UP,1969,wupang,-480,none
2015-04-21,OUT_OF_BED,1969,wupang,-482,none
2015-04-22,OUT_OF_BED,15254,wupang,32,none
2015-04-22,WAKE_UP,15254,wupang,33,none
2015-04-22,OUT_OF_BED,15459,wupang,-227,none
2015-04-22,SLEEP,1479,wupang,216,none
2015-04-22,OUT_OF_BED,1721,hmm,443,none
2015-04-22,WAKE_UP,1721,hmm,435,none
2015-04-22,OUT_OF_BED,15523,wupang,78,none
2015-04-22,WAKE_UP,15523,wupang,97,none
2015-04-22,WAKE_UP,1541,hmm,25,none
2015-04-22,OUT_OF_BED,1541,hmm,60,none
2015-04-21,OUT_OF_BED,15608,wupang,-70,none
2015-04-22,IN_BED,1541,hmm,48,none
2015-04-21,WAKE_UP,15608,wupang,-60,none
2015-04-21,OUT_OF_BED,15610,hmm,-49,none
2015-04-21,WAKE_UP,15610,hmm,-12,none
2015-04-22,OUT_OF_BED,15608,wupang,46,none
2015-04-22,IN_BED,15073,wupang,-37,none
2015-04-22,WAKE_UP,15073,wupang,36,none
2015-04-22,OUT_OF_BED,15073,wupang,32,none
2015-04-22,OUT_OF_BED,15264,wupang,123,none
2015-04-22,IN_BED,1414,wupang,-14,none
2015-04-22,IN_BED,1414,wupang,-14,none
2015-04-22,OUT_OF_BED,1496,wupang,67,none
2015-04-22,OUT_OF_BED,15470,hmm,11,none
2015-04-22,OUT_OF_BED,1536,wupang,25,none
2015-04-22,OUT_OF_BED,15470,hmm,7,none
2015-04-22,OUT_OF_BED,1607,wupang,92,none
2015-04-22,OUT_OF_BED,1607,wupang,92,none
2015-04-22,OUT_OF_BED,15292,hmm,24,none
2015-04-22,WAKE_UP,1400,hmm,41,none
2015-04-22,OUT_OF_BED,1400,hmm,13,none
2015-04-22,SLEEP,15621,hmm,120,none
2015-04-22,WAKE_UP,1930,hmm,16,none
2015-04-22,WAKE_UP,15365,wupang,71,none
2015-04-22,OUT_OF_BED,15365,wupang,68,none
2015-04-22,WAKE_UP,15244,wupang,-18,none
2015-04-22,WAKE_UP,15187,wupang,149,none
2015-04-22,SLEEP,15365,wupang,24,none
2015-04-22,IN_BED,15365,wupang,52,none
2015-04-22,OUT_OF_BED,1545,wupang,22,none
2015-04-21,WAKE_UP,15376,wupang,80,none
2015-04-22,WAKE_UP,1545,wupang,30,none
2015-04-21,OUT_OF_BED,15376,wupang,104,none
2015-04-22,SLEEP,15089,wupang,55,none
2015-04-22,OUT_OF_BED,15089,wupang,30,none
2015-04-22,OUT_OF_BED,15098,wupang,129,none
2015-04-21,IN_BED,15069,wupang,-4,none
2015-04-21,OUT_OF_BED,15069,wupang,-12,none
2015-04-22,WAKE_UP,1792,hmm,33,none
2015-04-22,OUT_OF_BED,1792,hmm,18,none
2015-04-22,OUT_OF_BED,15132,hmm,14,none
2015-04-22,OUT_OF_BED,1588,wupang,57,none
2015-04-22,WAKE_UP,15105,wupang,106,none
2015-04-22,OUT_OF_BED,15233,wupang,28,none
2015-04-22,SLEEP,15105,wupang,69,none
2015-04-22,WAKE_UP,15233,wupang,92,none
2015-04-22,SLEEP,15296,wupang,268,none
2015-04-22,IN_BED,1849,wupang,-27,none
2015-04-22,WAKE_UP,1849,wupang,9,none
2015-04-22,OUT_OF_BED,1931,hmm,10,none
2015-04-22,OUT_OF_BED,15203,wupang,60,none
2015-04-22,WAKE_UP,15203,wupang,28,none
2015-04-22,WAKE_UP,15375,wupang,211,none
2015-04-22,OUT_OF_BED,15375,wupang,207,none
2015-04-22,SLEEP,1498,wupang,-46,none
2015-04-22,OUT_OF_BED,1498,wupang,11,none
2015-04-22,WAKE_UP,15524,wupang,60,none
2015-04-22,OUT_OF_BED,15524,wupang,70,none
2015-04-22,IN_BED,15292,hmm,86,none
2015-04-22,SLEEP,15292,hmm,76,none
2015-04-22,SLEEP,15586,wupang,145,none
2015-04-22,SLEEP,15689,wupang,49,none
2015-04-22,WAKE_UP,15689,wupang,26,none
2015-04-22,OUT_OF_BED,15118,wupang,91,none
2015-04-22,OUT_OF_BED,15118,wupang,36,none
2015-04-22,WAKE_UP,1614,wupang,31,none
2015-04-22,OUT_OF_BED,1614,wupang,20,none
2015-04-22,SLEEP,15247,wupang,10,none
2015-04-22,WAKE_UP,15247,wupang,35,none
2015-04-22,OUT_OF_BED,15143,wupang,74,none
2015-04-22,WAKE_UP,15143,wupang,120,none
2015-04-22,OUT_OF_BED,15386,wupang,144,none
2015-04-22,OUT_OF_BED,15667,wupang,80,none
2015-04-22,OUT_OF_BED,1560,hmm,8,none
2015-04-22,IN_BED,15442,hmm,19,none
2015-04-22,IN_BED,15226,wupang,136,none
2015-04-22,WAKE_UP,15338,wupang,0,none
2015-04-22,OUT_OF_BED,15338,wupang,12,none
2015-04-22,OUT_OF_BED,15070,hmm,19,none
2015-04-22,OUT_OF_BED,15145,wupang,21,none
2015-04-22,OUT_OF_BED,1839,wupang,60,none
2015-04-22,WAKE_UP,1731,hmm,-5,none
2015-04-22,OUT_OF_BED,1731,hmm,5,none
2015-04-22,WAKE_UP,15235,wupang,11,none
2015-04-22,OUT_OF_BED,15765,wupang,221,none
2015-04-22,WAKE_UP,15253,wupang,120,none
2015-04-22,OUT_OF_BED,15253,wupang,121,none
2015-04-22,OUT_OF_BED,15662,hmm,-83,none
2015-04-22,WAKE_UP,15662,hmm,-83,none
2015-04-22,IN_BED,15539,wupang,111,none
2015-04-22,SLEEP,15539,wupang,88,none
2015-04-22,OUT_OF_BED,15050,hmm,59,none
2015-04-22,SLEEP,15226,wupang,130,none
2015-04-22,WAKE_UP,15226,wupang,104,none
2015-04-22,OUT_OF_BED,15226,wupang,105,none
2015-04-22,WAKE_UP,1566,wupang,10,none
2015-04-22,WAKE_UP,1566,wupang,10,none
2015-04-22,WAKE_UP,1437,wupang,-60,none
2015-04-22,OUT_OF_BED,1437,wupang,-47,none
2015-04-22,WAKE_UP,1323,wupang,94,none
2015-04-22,OUT_OF_BED,1489,wupang,3,none
2015-04-22,OUT_OF_BED,1489,wupang,151,none
2015-04-22,WAKE_UP,1556,wupang,41,none
2015-04-22,WAKE_UP,1556,wupang,11,none
2015-04-22,OUT_OF_BED,1517,wupang,120,none
2015-04-22,WAKE_UP,1517,wupang,120,none
2015-04-22,WAKE_UP,15357,wupang,115,none
2015-04-22,OUT_OF_BED,15355,wupang,305,none
2015-04-22,WAKE_UP,15357,wupang,18,none
2015-04-22,WAKE_UP,15663,wupang,107,none
2015-04-22,SLEEP,15663,wupang,8,none
2015-04-22,WAKE_UP,1487,wupang,53,none
2015-04-22,WAKE_UP,1487,wupang,73,none
2015-04-22,WAKE_UP,15254,wupang,11,none
2015-04-22,OUT_OF_BED,15254,wupang,10,none
2015-04-22,OUT_OF_BED,15387,wupang,38,none
2015-04-22,IN_BED,15486,wupang,-81,none
2015-04-22,OUT_OF_BED,15486,wupang,38,none
2015-04-22,OUT_OF_BED,1190,hmm,47,none
2015-04-22,SLEEP,15486,wupang,-132,none
2015-04-22,OUT_OF_BED,15486,wupang,16,none
2015-04-22,WAKE_UP,15486,wupang,14,none
2015-04-22,SLEEP,15443,wupang,185,none
2015-04-22,OUT_OF_BED,15443,wupang,88,none
2015-04-22,SLEEP,15574,wupang,269,none
2015-04-22,WAKE_UP,15604,wupang,-81,none
2015-04-22,IN_BED,15356,wupang,-119,none
2015-04-22,WAKE_UP,15070,hmm,44,none
2015-04-22,WAKE_UP,15070,hmm,13,none
2015-04-22,WAKE_UP,15070,hmm,342,none
2015-04-22,WAKE_UP,15356,wupang,-24,none
2015-04-22,SLEEP,15070,hmm,-252,none
2015-04-22,WAKE_UP,15489,wupang,12,none
2015-04-22,SLEEP,15655,wupang,36,none
2015-04-22,WAKE_UP,1863,wupang,60,none
2015-04-22,OUT_OF_BED,1863,wupang,36,none
2015-04-22,SLEEP,1834,wupang,201,none
2015-04-22,OUT_OF_BED,1158,wupang,151,none
2015-04-22,WAKE_UP,1323,wupang,-93,none
2015-04-22,SLEEP,15265,wupang,-60,none
2015-04-22,IN_BED,15366,wupang,93,none
2015-04-22,SLEEP,15742,hmm,60,none
2015-04-22,OUT_OF_BED,15241,hmm,-23,none
2015-04-22,OUT_OF_BED,15614,wupang,26,none
2015-04-22,IN_BED,15610,hmm,120,none
2015-04-22,IN_BED,15090,hmm,-268,none
2015-04-22,SLEEP,15392,hmm,74,none
2015-04-22,SLEEP,15090,hmm,-239,none
2015-04-22,OUT_OF_BED,1113,wupang,176,none
2015-04-22,OUT_OF_BED,15536,wupang,51,none
2015-04-22,OUT_OF_BED,15452,hmm,-86,none
2015-04-22,SLEEP,15452,hmm,-540,none
2015-04-22,WAKE_UP,15452,hmm,-120,none
2015-04-22,IN_BED,15711,hmm,26,none
2015-04-22,OUT_OF_BED,15343,wupang,55,none
2015-04-22,WAKE_UP,1437,wupang,-70,none
2015-04-22,OUT_OF_BED,1437,wupang,-61,none
2015-04-22,SLEEP,1562,hmm,37,none
2015-04-22,WAKE_UP,1211,hmm,-66,none
2015-04-22,IN_BED,15594,wupang,89,none
2015-04-22,SLEEP,15084,wupang,-56,none
2015-04-22,OUT_OF_BED,15084,wupang,23,none
2015-04-22,IN_BED,15185,wupang,14,none
2015-04-22,OUT_OF_BED,1796,wupang,-17,none
2015-04-22,IN_BED,15245,wupang,-14,none
2015-04-22,IN_BED,15339,wupang,242,none
2015-04-22,OUT_OF_BED,15311,hmm,-8,none
2015-04-22,SLEEP,15339,wupang,182,none
2015-04-22,IN_BED,15311,hmm,53,none
2015-04-22,OUT_OF_BED,1727,wupang,237,none
2015-04-22,WAKE_UP,1727,wupang,240,none
2015-04-22,OUT_OF_BED,15765,wupang,-177,none
2015-04-22,WAKE_UP,15417,wupang,162,none
2015-04-22,OUT_OF_BED,1788,wupang,74,none
2015-04-22,WAKE_UP,1788,wupang,85,none
2015-04-22,OUT_OF_BED,15355,wupang,155,none
2015-04-22,WAKE_UP,15132,hmm,-30,none
2015-04-22,OUT_OF_BED,15132,hmm,-31,none
2015-04-22,SLEEP,1381,hmm,120,none
2015-04-22,OUT_OF_BED,1381,hmm,-25,none
2015-04-22,SLEEP,15074,wupang,77,none
2015-04-22,OUT_OF_BED,15074,wupang,-698,none
2015-04-22,OUT_OF_BED,15508,wupang,-381,none
2015-04-22,WAKE_UP,15508,wupang,325,none
2015-04-22,WAKE_UP,1528,wupang,52,none
2015-04-22,WAKE_UP,1062,hmm,136,none
2015-04-22,OUT_OF_BED,1062,hmm,110,none
2015-04-22,IN_BED,1820,hmm,-177,none
2015-04-22,SLEEP,1820,hmm,-143,none
2015-04-22,WAKE_UP,1820,hmm,147,none
2015-04-22,OUT_OF_BED,1820,hmm,236,none
2015-04-22,OUT_OF_BED,15663,wupang,-34,none
2015-04-22,WAKE_UP,15185,wupang,-45,none
2015-04-22,IN_BED,1446,wupang,28,none
2015-04-22,SLEEP,1446,wupang,36,none
2015-04-22,WAKE_UP,15355,wupang,161,none
2015-04-21,WAKE_UP,15355,wupang,178,none
2015-04-22,WAKE_UP,1508,wupang,-14,none
2015-04-22,OUT_OF_BED,1508,wupang,-23,none
2015-04-22,WAKE_UP,1748,wupang,74,none
2015-04-22,OUT_OF_BED,15271,hmm,-14,none
2015-04-22,OUT_OF_BED,1524,wupang,397,none
2015-04-22,WAKE_UP,1524,wupang,394,none
2015-04-22,OUT_OF_BED,1190,hmm,-65,none
2015-04-22,WAKE_UP,1725,wupang,-64,none
2015-04-22,WAKE_UP,1190,hmm,-64,none
2015-04-22,SLEEP,1725,wupang,39,none
2015-04-22,SLEEP,1190,hmm,-34,none
2015-04-22,WAKE_UP,15469,wupang,-19,none
2015-04-22,SLEEP,1855,wupang,0,none
2015-04-22,OUT_OF_BED,1158,wupang,41,none
2015-04-22,OUT_OF_BED,15256,wupang,31,none
2015-04-22,WAKE_UP,15256,wupang,13,none
2015-04-23,OUT_OF_BED,1506,wupang,48,none
2015-04-21,IN_BED,15309,wupang,168,none
2015-04-21,SLEEP,15309,wupang,180,none
2015-04-22,OUT_OF_BED,1702,hmm,-11,none
2015-04-23,SLEEP,1479,wupang,60,none
2015-04-22,OUT_OF_BED,1092,hmm,-32,none
2015-04-23,IN_BED,1768,wupang,40,none
2015-04-22,OUT_OF_BED,15398,wupang,-5,none
2015-04-21,OUT_OF_BED,1092,hmm,0,none
2015-04-22,WAKE_UP,15398,wupang,-9,none
2015-04-22,WAKE_UP,1092,hmm,-44,none
2015-04-22,SLEEP,1092,hmm,0,none
2015-04-22,OUT_OF_BED,1438,wupang,-291,none
2015-04-22,WAKE_UP,1438,wupang,-281,none
2015-04-22,OUT_OF_BED,15086,wupang,118,none
2015-04-22,WAKE_UP,15086,wupang,173,none
2015-04-23,IN_BED,15777,wupang,56,none
2015-04-22,SLEEP,1228,wupang,60,none
2015-04-22,WAKE_UP,1228,wupang,71,none
2015-04-22,SLEEP,15504,wupang,180,none
2015-04-23,OUT_OF_BED,15777,wupang,89,none
2015-04-22,WAKE_UP,15159,wupang,123,none
2015-04-22,OUT_OF_BED,15159,wupang,133,none
2015-04-22,SLEEP,15216,wupang,120,none
2015-04-22,IN_BED,15154,wupang,29,none
2015-04-22,WAKE_UP,15154,wupang,-83,none
2015-04-22,OUT_OF_BED,15599,wupang,51,none
2015-04-22,OUT_OF_BED,15354,wupang,93,none
2015-04-22,WAKE_UP,15420,hmm,-68,none
2015-04-22,SLEEP,15103,wupang,180,none
2015-04-23,WAKE_UP,15365,wupang,186,none
2015-04-23,WAKE_UP,15365,wupang,6,none
2015-04-23,WAKE_UP,15777,wupang,109,none
2015-04-22,SLEEP,15534,wupang,309,none
2015-04-23,WAKE_UP,15777,wupang,7,none
2015-04-22,OUT_OF_BED,15361,hmm,-4,none
2015-04-22,OUT_OF_BED,15375,wupang,-126,none
2015-04-22,OUT_OF_BED,15666,wupang,111,none
2015-04-22,WAKE_UP,15512,hmm,-87,none
2015-04-22,OUT_OF_BED,15512,hmm,-88,none
2015-04-22,OUT_OF_BED,15347,wupang,-43,none
2015-04-22,OUT_OF_BED,1810,hmm,-300,none
2015-04-22,SLEEP,1588,wupang,54,none
2015-04-22,OUT_OF_BED,15399,wupang,-14,none
2015-04-22,WAKE_UP,15399,wupang,-14,none
2015-04-22,SLEEP,15111,hmm,-230,none
2015-04-22,WAKE_UP,15302,hmm,19,none
2015-04-22,OUT_OF_BED,1562,hmm,-83,none
2015-04-23,IN_BED,15292,hmm,216,none
2015-04-23,SLEEP,15292,hmm,200,none
2015-04-22,WAKE_UP,15402,hmm,-65,none
2015-04-22,OUT_OF_BED,15402,hmm,-65,none
2015-04-22,OUT_OF_BED,1546,wupang,-15,none
2015-04-22,OUT_OF_BED,1038,hmm,-60,none
2015-04-22,OUT_OF_BED,15042,hmm,-32,none
2015-04-23,WAKE_UP,15045,wupang,-60,none
2015-04-23,SLEEP,15057,wupang,324,none
2015-04-21,WAKE_UP,15266,wupang,-9,none
2015-04-23,WAKE_UP,1455,wupang,60,none
2015-04-23,WAKE_UP,1455,wupang,60,none
2015-04-23,OUT_OF_BED,1455,wupang,60,none
2015-04-23,OUT_OF_BED,1455,wupang,60,none
2015-04-22,WAKE_UP,1969,wupang,-457,none
2015-04-23,OUT_OF_BED,1762,hmm,-8,none
2015-04-23,OUT_OF_BED,15329,wupang,61,none
2015-04-23,WAKE_UP,15621,hmm,52,none
2015-04-23,WAKE_UP,15621,hmm,42,none
2015-04-23,OUT_OF_BED,15621,hmm,53,none
2015-04-23,OUT_OF_BED,15523,wupang,15,none
2015-04-23,WAKE_UP,15523,wupang,44,none
2015-04-23,OUT_OF_BED,1455,wupang,33,none
2015-04-23,WAKE_UP,15566,wupang,180,none
2015-04-23,OUT_OF_BED,1508,wupang,6,none
2015-04-23,WAKE_UP,1400,hmm,13,none
2015-04-23,OUT_OF_BED,1400,hmm,12,none
2015-04-23,WAKE_UP,1508,wupang,5,none
2015-04-23,WAKE_UP,1508,wupang,4,none
2015-04-23,OUT_OF_BED,1508,wupang,4,none
2015-04-23,WAKE_UP,1541,hmm,16,none
2015-04-23,OUT_OF_BED,1541,hmm,12,none
2015-04-23,IN_BED,15366,wupang,94,none
2015-04-23,OUT_OF_BED,15105,wupang,219,none
2015-04-23,SLEEP,15247,wupang,-90,none
2015-04-23,OUT_OF_BED,15326,wupang,102,none
2015-04-23,SLEEP,15584,wupang,138,none
2015-04-23,WAKE_UP,1839,wupang,7,none
2015-04-23,OUT_OF_BED,15488,wupang,40,none
2015-04-23,IN_BED,15354,wupang,20,none
2015-04-23,OUT_OF_BED,1931,hmm,12,none
2015-04-23,WAKE_UP,15354,wupang,76,none
2015-04-23,OUT_OF_BED,15354,wupang,60,none
2015-04-23,OUT_OF_BED,15658,wupang,150,none
2015-04-23,WAKE_UP,15233,wupang,85,none
2015-04-23,OUT_OF_BED,15233,wupang,84,none
2015-04-23,WAKE_UP,1930,hmm,36,none
2015-04-23,WAKE_UP,15655,wupang,58,none
2015-04-23,SLEEP,15655,wupang,120,none
2015-04-23,SLEEP,15639,wupang,23,none
2015-04-23,OUT_OF_BED,1545,wupang,52,none
2015-04-23,WAKE_UP,1545,wupang,52,none
2015-04-23,WAKE_UP,1861,hmm,73,none
2015-04-23,OUT_OF_BED,1861,hmm,52,none
2015-04-23,WAKE_UP,15183,wupang,106,none
2015-04-23,OUT_OF_BED,15183,wupang,106,none
2015-04-23,OUT_OF_BED,15667,wupang,60,none
2015-04-23,WAKE_UP,15667,wupang,61,none
2015-04-23,WAKE_UP,15249,wupang,-15,none
2015-04-23,OUT_OF_BED,15249,wupang,-10,none
2015-04-23,OUT_OF_BED,15439,wupang,35,none
2015-04-22,WAKE_UP,1622,hmm,-95,none
2015-04-23,IN_BED,1849,wupang,-15,none
2015-04-23,WAKE_UP,15070,hmm,26,none
2015-04-23,IN_BED,1414,wupang,-133,none
2015-04-23,WAKE_UP,15592,hmm,60,none
2015-04-23,OUT_OF_BED,1414,wupang,14,none
2015-04-23,OUT_OF_BED,1414,wupang,1,none
2015-04-23,WAKE_UP,15234,wupang,73,none
2015-04-23,WAKE_UP,1614,wupang,17,none
2015-04-23,OUT_OF_BED,1614,wupang,17,none
2015-04-23,IN_BED,1614,wupang,-14,none
2015-04-23,IN_BED,15069,wupang,-16,none
2015-04-23,OUT_OF_BED,15069,wupang,10,none
2015-04-23,IN_BED,15524,wupang,-107,none
2015-04-23,SLEEP,15524,wupang,-125,none
2015-04-23,SLEEP,1807,wupang,240,none
2015-04-23,OUT_OF_BED,15307,wupang,139,none
2015-04-23,OUT_OF_BED,15307,wupang,129,none
2015-04-23,WAKE_UP,15307,wupang,132,none
2015-04-23,SLEEP,1498,wupang,-71,none
2015-04-23,OUT_OF_BED,1498,wupang,21,none
2015-04-23,WAKE_UP,1498,wupang,42,none
2015-04-23,OUT_OF_BED,1485,wupang,30,none
2015-04-23,OUT_OF_BED,15413,wupang,168,none
2015-04-23,OUT_OF_BED,15413,wupang,124,none
2015-04-23,IN_BED,1278,wupang,-8,none
2015-04-23,OUT_OF_BED,1278,wupang,69,none
2015-04-23,WAKE_UP,15302,hmm,52,none
2015-04-23,OUT_OF_BED,15302,hmm,10,none
2015-04-23,OUT_OF_BED,15070,hmm,10,none
2015-04-23,WAKE_UP,15070,hmm,17,none
2015-04-23,IN_BED,1748,wupang,-114,none
2015-04-23,OUT_OF_BED,1748,wupang,27,none
2015-04-23,IN_BED,15539,wupang,82,none
2015-04-23,OUT_OF_BED,15374,wupang,13,none
2015-04-23,WAKE_UP,1812,hmm,115,none
2015-04-23,WAKE_UP,1812,hmm,235,none
2015-04-23,SLEEP,1812,hmm,-102,none
2015-04-23,SLEEP,1812,hmm,-329,none
2015-04-23,SLEEP,1812,hmm,-448,none
2015-04-23,IN_BED,15364,wupang,25,none
2015-04-23,OUT_OF_BED,1522,hmm,8,none
2015-04-23,WAKE_UP,1522,hmm,14,none
2015-04-23,WAKE_UP,15155,wupang,86,none
2015-04-23,WAKE_UP,15665,wupang,-28,none
2015-04-23,WAKE_UP,15234,wupang,50,none
2015-04-23,OUT_OF_BED,15665,wupang,-17,none
2015-04-23,WAKE_UP,15234,wupang,37,none
2015-04-23,OUT_OF_BED,15234,wupang,36,none
2015-04-23,SLEEP,15665,wupang,75,none
2015-04-23,WAKE_UP,15108,wupang,180,none
2015-04-23,OUT_OF_BED,15765,wupang,104,none
2015-04-23,OUT_OF_BED,15042,hmm,16,none
2015-04-23,IN_BED,15469,wupang,41,none
2015-04-23,WAKE_UP,15469,wupang,111,none
2015-04-23,OUT_OF_BED,15469,wupang,102,none
2015-04-23,SLEEP,15469,wupang,50,none
2015-04-23,WAKE_UP,15159,wupang,28,none
2015-04-23,OUT_OF_BED,15159,wupang,32,none
2015-04-23,OUT_OF_BED,15357,wupang,45,none
2015-04-23,WAKE_UP,15357,wupang,28,none
2015-04-23,OUT_OF_BED,15357,wupang,22,none
2015-04-23,WAKE_UP,15387,wupang,150,none
2015-04-23,SLEEP,1727,wupang,363,none
2015-04-23,OUT_OF_BED,1727,wupang,60,none
2015-04-23,WAKE_UP,1727,wupang,60,none
2015-04-23,IN_BED,15582,hmm,93,none
2015-04-23,SLEEP,15582,hmm,114,none
2015-04-23,WAKE_UP,15294,wupang,98,none
2015-04-23,OUT_OF_BED,15294,wupang,90,none
2015-04-22,WAKE_UP,15429,wupang,-158,none
2015-04-23,WAKE_UP,15132,hmm,-30,none
2015-04-23,OUT_OF_BED,15132,hmm,-30,none
2015-04-22,WAKE_UP,1507,wupang,-76,none
2015-04-22,OUT_OF_BED,1507,wupang,-80,none
2015-04-21,WAKE_UP,1507,wupang,-90,none
2015-04-21,OUT_OF_BED,1507,wupang,-81,none
2015-04-23,OUT_OF_BED,1767,wupang,139,none
2015-04-23,SLEEP,1211,hmm,-21,none
2015-04-23,OUT_OF_BED,1323,wupang,116,none
2015-04-23,WAKE_UP,1323,wupang,78,none
2015-04-23,WAKE_UP,15070,hmm,-22,none
2015-04-23,OUT_OF_BED,15592,hmm,-34,none
2015-04-23,IN_BED,15644,wupang,0,none
2015-04-23,IN_BED,15644,wupang,0,none
2015-04-23,IN_BED,15610,hmm,104,none
2015-04-23,WAKE_UP,1566,wupang,147,none
2015-04-23,OUT_OF_BED,1566,wupang,130,none
2015-04-23,WAKE_UP,15457,hmm,32,none
2015-04-23,OUT_OF_BED,15457,hmm,10,none
2015-04-23,WAKE_UP,15694,wupang,92,none
2015-04-23,SLEEP,15457,hmm,-35,none
2015-04-23,OUT_OF_BED,15694,wupang,106,none
2015-04-23,SLEEP,15457,hmm,-30,none
2015-04-23,OUT_OF_BED,1491,hmm,-6,none
2015-04-23,OUT_OF_BED,15343,wupang,53,none
2015-04-23,IN_BED,15780,hmm,-182,none
2015-04-23,OUT_OF_BED,15343,wupang,20,none
2015-04-23,WAKE_UP,15343,wupang,5,none
2015-04-22,OUT_OF_BED,1731,hmm,-276,none
2015-04-22,WAKE_UP,1731,hmm,-265,none
2015-04-23,OUT_OF_BED,15599,wupang,19,none
2015-04-23,OUT_OF_BED,15292,hmm,-79,none
2015-04-23,WAKE_UP,15431,hmm,40,none
2015-04-23,OUT_OF_BED,15074,wupang,10,none
2015-04-23,IN_BED,15074,wupang,200,none
2015-04-23,SLEEP,15074,wupang,319,none
2015-04-23,IN_BED,15280,hmm,53,none
2015-04-23,SLEEP,15280,hmm,26,none
2015-04-23,SLEEP,1184,wupang,-8,none
2015-04-23,OUT_OF_BED,1536,wupang,29,none
2015-04-23,WAKE_UP,1323,wupang,-60,none
2015-04-23,OUT_OF_BED,15610,hmm,-87,none
2015-04-23,SLEEP,15222,hmm,0,none
2015-04-23,IN_BED,15737,wupang,73,none
2015-04-23,OUT_OF_BED,15581,hmm,-111,none
2015-04-23,IN_BED,15222,hmm,323,none
2015-04-23,SLEEP,15456,wupang,159,none
2015-04-23,WAKE_UP,1476,wupang,60,none
2015-04-23,OUT_OF_BED,1476,wupang,86,none
2015-04-23,IN_BED,15615,wupang,-60,none
2015-04-23,SLEEP,15615,wupang,-60,none
2015-04-23,WAKE_UP,15615,wupang,180,none
2015-04-23,OUT_OF_BED,15589,wupang,35,none
2015-04-23,WAKE_UP,15417,wupang,45,none
2015-04-23,OUT_OF_BED,15417,wupang,59,none
2015-04-23,WAKE_UP,1002,hmm,-99,none
2015-04-23,OUT_OF_BED,1002,hmm,-66,none
2015-04-23,WAKE_UP,15429,wupang,-138,none
2015-04-23,SLEEP,15411,hmm,43,none
2015-04-23,IN_BED,15411,hmm,49,none
2015-04-23,WAKE_UP,15604,wupang,-217,none
2015-04-23,WAKE_UP,1062,hmm,134,none
2015-04-23,OUT_OF_BED,1062,hmm,105,none
2015-04-23,IN_BED,15308,wupang,-120,none
2015-04-23,IN_BED,15308,wupang,-120,none
2015-04-23,OUT_OF_BED,15611,hmm,-106,none
2015-04-23,WAKE_UP,15611,hmm,-165,none
2015-04-23,WAKE_UP,15266,wupang,177,none
2015-04-23,IN_BED,1450,hmm,272,none
2015-04-23,IN_BED,1001,hmm,34,none
2015-04-23,SLEEP,1450,hmm,270,none
2015-04-23,OUT_OF_BED,1969,wupang,-375,none
2015-04-23,WAKE_UP,15121,hmm,102,none
2015-04-23,SLEEP,1510,hmm,92,none
2015-04-23,WAKE_UP,15529,wupang,35,none
2015-04-23,OUT_OF_BED,15287,wupang,60,none
2015-04-23,WAKE_UP,15086,wupang,257,none
2015-04-23,OUT_OF_BED,15086,wupang,213,none
2015-04-23,WAKE_UP,1541,hmm,-5,none
2015-04-23,WAKE_UP,15581,hmm,-110,none
2015-04-23,OUT_OF_BED,1541,hmm,-24,none
2015-04-23,OUT_OF_BED,15084,wupang,76,none
2015-04-23,OUT_OF_BED,1546,wupang,-118,none
2015-04-23,WAKE_UP,15402,hmm,-9,none
2015-04-23,OUT_OF_BED,15402,hmm,-18,none
2015-04-23,OUT_OF_BED,1731,hmm,-276,none
2015-04-23,WAKE_UP,1731,hmm,-265,none
2015-04-23,OUT_OF_BED,15089,wupang,25,none
2015-04-23,IN_BED,15554,wupang,151,none
2015-04-23,SLEEP,15554,wupang,152,none
2015-04-23,OUT_OF_BED,15554,wupang,-16,none
2015-04-24,OUT_OF_BED,15668,wupang,68,none
2015-04-23,WAKE_UP,15512,hmm,-95,none
2015-04-23,OUT_OF_BED,15512,hmm,-96,none
2015-04-23,WAKE_UP,1445,wupang,-19,none
2015-04-23,WAKE_UP,1863,wupang,217,none
2015-04-23,IN_BED,15399,wupang,-18,none
2015-04-23,OUT_OF_BED,15311,hmm,-21,none
2015-04-23,OUT_OF_BED,15314,wupang,55,none
2015-04-23,WAKE_UP,15314,wupang,61,none
2015-04-23,OUT_OF_BED,15478,wupang,-275,none
2015-04-23,IN_BED,1560,hmm,104,none
2015-04-23,SLEEP,1560,hmm,120,none
2015-04-23,WAKE_UP,1560,hmm,-70,none
2015-04-23,OUT_OF_BED,15472,hmm,-36,none
2015-04-23,WAKE_UP,15472,hmm,16,none
2015-04-23,WAKE_UP,15249,wupang,-19,none
2015-04-23,OUT_OF_BED,15249,wupang,-25,none
2015-04-23,WAKE_UP,1676,wupang,0,none
2015-04-23,WAKE_UP,1965,wupang,49,none
2015-04-22,WAKE_UP,1965,wupang,40,none
2015-04-23,IN_BED,15560,hmm,30,none
2015-04-23,OUT_OF_BED,1445,wupang,-20,none
2015-04-21,WAKE_UP,1965,wupang,30,none
2015-04-23,OUT_OF_BED,15532,hmm,-32,none
2015-04-23,WAKE_UP,15155,wupang,-47,none
2015-04-23,OUT_OF_BED,15155,wupang,-33,none
2015-04-23,OUT_OF_BED,15693,wupang,0,none
2015-04-23,WAKE_UP,15357,wupang,-120,none
2015-04-23,OUT_OF_BED,15357,wupang,-127,none
2015-04-23,WAKE_UP,1428,wupang,-120,none
2015-04-23,SLEEP,1528,wupang,107,none
2015-04-24,WAKE_UP,15873,wupang,78,none
2015-04-24,WAKE_UP,15920,hmm,39,none
2015-04-24,OUT_OF_BED,15920,hmm,71,none
2015-04-24,SLEEP,15920,hmm,-28,none
2015-04-24,WAKE_UP,1768,wupang,36,none
2015-04-24,OUT_OF_BED,1768,wupang,14,none
2015-04-24,SLEEP,1768,wupang,-60,none
2015-04-24,WAKE_UP,1455,wupang,89,none
2015-04-24,WAKE_UP,1455,wupang,89,none
2015-04-24,OUT_OF_BED,1455,wupang,61,none
2015-04-24,OUT_OF_BED,15329,wupang,60,none
2015-04-24,SLEEP,15968,wupang,110,none
2015-04-24,OUT_OF_BED,16024,wupang,97,none
2015-04-24,WAKE_UP,15626,wupang,101,none
2015-04-24,WAKE_UP,1498,wupang,100,none
2015-04-24,OUT_OF_BED,15777,wupang,54,none
2015-04-24,IN_BED,1498,wupang,-26,none
2015-04-24,IN_BED,15777,wupang,105,none
2015-04-24,OUT_OF_BED,15314,wupang,63,none
2015-04-24,WAKE_UP,15314,wupang,72,none
2015-04-24,WAKE_UP,15338,wupang,60,none
2015-04-24,OUT_OF_BED,15308,wupang,43,none
2015-04-24,IN_BED,15626,wupang,1,none
2015-04-24,IN_BED,15626,wupang,-47,none
2015-04-24,IN_BED,15626,wupang,-27,none
2015-04-24,IN_BED,15626,wupang,-12,none
2015-04-24,IN_BED,15626,wupang,-8,none
2015-04-24,IN_BED,15809,wupang,115,none
2015-04-24,SLEEP,15809,wupang,120,none
2015-04-24,SLEEP,15655,wupang,60,none
2015-04-24,OUT_OF_BED,15655,wupang,9,none
2015-04-24,OUT_OF_BED,15834,wupang,8,none
2015-04-24,WAKE_UP,16078,wupang,22,none
2015-04-24,OUT_OF_BED,16078,wupang,21,none
2015-04-24,WAKE_UP,1588,wupang,165,none
2015-04-24,OUT_OF_BED,1545,wupang,95,none
2015-04-24,OUT_OF_BED,15869,wupang,80,none
2015-04-24,WAKE_UP,15869,wupang,65,none
2015-04-24,OUT_OF_BED,1278,wupang,242,none
2015-04-24,WAKE_UP,16039,wupang,-70,none
2015-04-24,WAKE_UP,1278,wupang,240,none
2015-04-24,OUT_OF_BED,15962,hmm,5,none
2015-04-24,WAKE_UP,16039,wupang,-99,none
2015-04-24,OUT_OF_BED,16039,wupang,-100,none
2015-04-24,IN_BED,15888,wupang,180,none
2015-04-24,SLEEP,15928,wupang,120,none
2015-04-24,WAKE_UP,16023,wupang,85,none
2015-04-24,OUT_OF_BED,15537,wupang,81,none
2015-04-24,WAKE_UP,15537,wupang,72,none
2015-04-24,WAKE_UP,15949,wupang,60,none
2015-04-24,OUT_OF_BED,16008,wupang,153,none
2015-04-24,IN_BED,15560,hmm,-180,none
2015-04-24,SLEEP,15560,hmm,-180,none
2015-04-24,IN_BED,15060,hmm,6,none
2015-04-24,OUT_OF_BED,15060,hmm,22,none
2015-04-24,IN_BED,15779,wupang,-180,none
2015-04-24,OUT_OF_BED,15779,wupang,-12,none
2015-04-24,WAKE_UP,15365,wupang,73,none
2015-04-24,OUT_OF_BED,15365,wupang,72,none
2015-04-24,OUT_OF_BED,15069,wupang,44,none
2015-04-24,WAKE_UP,15861,hmm,156,none
2015-04-24,SLEEP,15775,wupang,-8,none
2015-04-24,OUT_OF_BED,15861,hmm,58,none
2015-04-24,WAKE_UP,15775,wupang,30,none
2015-04-24,SLEEP,15892,hmm,77,none
2015-04-24,WAKE_UP,15828,wupang,140,none
2015-04-24,IN_BED,15892,hmm,83,none
2015-04-24,OUT_OF_BED,15828,wupang,35,none
2015-04-24,OUT_OF_BED,15926,wupang,133,none
2015-04-24,SLEEP,16113,wupang,105,none
2015-04-24,OUT_OF_BED,15203,wupang,0,none
2015-04-24,OUT_OF_BED,15947,wupang,53,none
2015-04-24,WAKE_UP,16124,wupang,108,none
2015-04-24,OUT_OF_BED,15778,wupang,70,none
2015-04-24,OUT_OF_BED,15936,wupang,0,none
2015-04-24,IN_BED,1541,hmm,22,none
2015-04-24,SLEEP,15936,wupang,-77,none
2015-04-24,SLEEP,15778,wupang,24,none
2015-04-24,OUT_OF_BED,15823,wupang,60,none
2015-04-24,OUT_OF_BED,15823,wupang,60,none
2015-04-24,OUT_OF_BED,15605,wupang,60,none
2015-04-24,OUT_OF_BED,1839,wupang,108,none
2015-04-24,WAKE_UP,1792,hmm,14,none
2015-04-24,OUT_OF_BED,1792,hmm,26,none
2015-04-24,IN_BED,16075,wupang,66,none
2015-04-24,SLEEP,16075,wupang,120,none
2015-04-24,WAKE_UP,15488,wupang,117,none
2015-04-24,OUT_OF_BED,15488,wupang,119,none
2015-04-24,WAKE_UP,15967,wupang,120,none
2015-04-24,OUT_OF_BED,15967,wupang,120,none
2015-04-24,SLEEP,15529,wupang,204,none
2015-04-24,WAKE_UP,15529,wupang,91,none
2015-04-24,OUT_OF_BED,15529,wupang,80,none
2015-04-24,WAKE_UP,15338,wupang,3,none
2015-04-24,WAKE_UP,15997,wupang,60,none
2015-04-24,OUT_OF_BED,15357,wupang,11,none
2015-04-24,IN_BED,16026,wupang,60,none
2015-04-24,WAKE_UP,15870,hmm,194,none
2015-04-24,WAKE_UP,15870,hmm,111,none
2015-04-24,OUT_OF_BED,15308,wupang,43,none
2015-04-24,OUT_OF_BED,1409,wupang,-31,none
2015-04-24,SLEEP,16007,wupang,60,none
2015-04-24,WAKE_UP,15935,wupang,79,none
2015-04-24,OUT_OF_BED,1197,wupang,55,none
2015-04-24,OUT_OF_BED,15997,wupang,120,none
2015-04-24,WAKE_UP,15357,wupang,150,none
2015-04-24,OUT_OF_BED,1931,hmm,9,none
2015-04-24,WAKE_UP,1197,wupang,111,none
2015-04-24,OUT_OF_BED,15965,wupang,120,none
2015-04-24,WAKE_UP,15512,hmm,-25,none
2015-04-24,OUT_OF_BED,15512,hmm,-26,none
2015-04-24,OUT_OF_BED,1566,wupang,14,none
2015-04-24,WAKE_UP,1566,wupang,10,none
2015-04-24,WAKE_UP,1566,wupang,10,none
2015-04-24,WAKE_UP,15159,wupang,109,none
2015-04-24,WAKE_UP,15566,wupang,-120,none
2015-04-24,WAKE_UP,15719,wupang,174,none
2015-04-24,OUT_OF_BED,15719,wupang,197,none
2015-04-24,WAKE_UP,15070,hmm,43,none
2015-04-24,IN_BED,15667,wupang,158,none
2015-04-24,SLEEP,1834,wupang,26,none
2015-04-24,WAKE_UP,15667,wupang,130,none
2015-04-24,SLEEP,15667,wupang,154,none
2015-04-24,WAKE_UP,1614,wupang,59,none
2015-04-24,OUT_OF_BED,1614,wupang,60,none
2015-04-24,OUT_OF_BED,15667,wupang,111,none
2015-04-24,WAKE_UP,1614,wupang,25,none
2015-04-24,WAKE_UP,1323,wupang,183,none
2015-04-24,SLEEP,1323,wupang,20,none
2015-04-24,OUT_OF_BED,15987,wupang,120,none
2015-04-24,WAKE_UP,15987,wupang,180,none
2015-04-24,WAKE_UP,15472,hmm,51,none
2015-04-24,OUT_OF_BED,15472,hmm,17,none
2015-04-24,WAKE_UP,15903,wupang,-14,none
2015-04-24,SLEEP,15472,hmm,-43,none
2015-04-24,SLEEP,1372,wupang,-320,none
2015-04-24,IN_BED,1372,wupang,-315,none
2015-04-24,WAKE_UP,15436,wupang,180,none
2015-04-24,WAKE_UP,15436,wupang,-90,none
2015-04-24,OUT_OF_BED,15417,wupang,46,none
2015-04-24,WAKE_UP,15564,wupang,286,none
2015-04-24,OUT_OF_BED,15564,wupang,300,none
2015-04-24,WAKE_UP,15860,wupang,60,none
2015-04-24,SLEEP,15517,wupang,128,none
2015-04-24,IN_BED,1746,wupang,611,none
2015-04-24,OUT_OF_BED,15070,hmm,18,none
2015-04-24,IN_BED,15581,hmm,120,none
2015-04-24,OUT_OF_BED,16012,hmm,64,none
2015-04-24,OUT_OF_BED,1489,wupang,107,none
2015-04-24,OUT_OF_BED,16140,hmm,20,none
2015-04-24,IN_BED,15431,hmm,51,none
2015-04-24,IN_BED,15366,wupang,83,none
2015-04-24,OUT_OF_BED,15992,hmm,-17,none
2015-04-24,WAKE_UP,16138,wupang,26,none
2015-04-24,IN_BED,16138,wupang,15,none
2015-04-24,IN_BED,16036,wupang,131,none
2015-04-24,OUT_OF_BED,1485,wupang,14,none
2015-04-24,SLEEP,15810,hmm,154,none
2015-04-24,WAKE_UP,15810,hmm,223,none
2015-04-24,IN_BED,15534,wupang,170,none
2015-04-24,SLEEP,15534,wupang,174,none
2015-04-24,WAKE_UP,15959,wupang,-120,none
2015-04-24,OUT_OF_BED,15966,wupang,60,none
2015-04-24,SLEEP,15855,wupang,26,none
2015-04-24,WAKE_UP,15469,wupang,68,none
2015-04-24,WAKE_UP,15469,wupang,52,none
2015-04-24,OUT_OF_BED,15469,wupang,64,none
2015-04-24,IN_BED,16073,wupang,146,none
2015-04-24,IN_BED,15837,wupang,268,none
2015-04-24,SLEEP,15837,wupang,256,none
2015-04-24,SLEEP,15447,wupang,960,none
2015-04-24,OUT_OF_BED,15233,wupang,29,none
2015-04-24,WAKE_UP,15233,wupang,68,none
2015-04-24,OUT_OF_BED,15233,wupang,26,none
2015-04-24,IN_BED,15540,hmm,69,none
2015-04-24,WAKE_UP,15540,hmm,-43,none
2015-04-24,WAKE_UP,15382,hmm,97,none
2015-04-24,OUT_OF_BED,15382,hmm,121,none
2015-04-24,OUT_OF_BED,1762,hmm,-29,none
2015-04-24,SLEEP,15457,hmm,-54,none
2015-04-24,SLEEP,15457,hmm,-84,none
2015-04-24,WAKE_UP,15986,wupang,-164,none
2015-04-24,OUT_OF_BED,15457,hmm,20,none
2015-04-24,WAKE_UP,15457,hmm,45,none
2015-04-24,IN_BED,16117,wupang,70,none
2015-04-24,OUT_OF_BED,15457,hmm,11,none
2015-04-24,SLEEP,15986,wupang,-49,none
2015-04-24,OUT_OF_BED,16041,hmm,-81,none
2015-04-24,WAKE_UP,16041,hmm,-73,none
2015-04-24,WAKE_UP,15892,hmm,-145,none
2015-04-24,OUT_OF_BED,15892,hmm,-170,none
2015-04-24,SLEEP,16041,hmm,-279,none
2015-04-24,OUT_OF_BED,15537,wupang,-50,none
2015-04-24,WAKE_UP,1607,wupang,-60,none
2015-04-24,WAKE_UP,15249,wupang,69,none
2015-04-24,SLEEP,15249,wupang,12,none
2015-04-24,WAKE_UP,15393,wupang,44,none
2015-04-24,OUT_OF_BED,15594,wupang,29,none
2015-04-24,SLEEP,16074,wupang,125,none
2015-04-24,IN_BED,15302,hmm,-18,none
2015-04-24,WAKE_UP,15234,wupang,-532,none
2015-04-24,OUT_OF_BED,15234,wupang,89,none
2015-04-24,OUT_OF_BED,15466,wupang,86,none
2015-04-24,WAKE_UP,15466,wupang,95,none
2015-04-24,WAKE_UP,15871,wupang,189,none
2015-04-24,WAKE_UP,15190,hmm,82,none
2015-04-24,SLEEP,15991,hmm,0,none
2015-04-24,IN_BED,15801,hmm,340,none
2015-04-24,WAKE_UP,15958,wupang,267,none
2015-04-24,WAKE_UP,1323,wupang,-91,none
2015-04-24,OUT_OF_BED,16138,wupang,-130,none
2015-04-24,WAKE_UP,16138,wupang,-129,none
2015-04-24,IN_BED,15222,hmm,409,none
2015-04-24,IN_BED,15222,hmm,-325,none
2015-04-24,IN_BED,15356,wupang,-147,none
2015-04-24,WAKE_UP,15153,wupang,120,none
2015-04-24,OUT_OF_BED,15153,wupang,180,none
2015-04-24,IN_BED,15916,wupang,-199,none
2015-04-24,WAKE_UP,15916,wupang,-88,none
2015-04-24,IN_BED,1849,wupang,-9,none
2015-04-24,OUT_OF_BED,1849,wupang,61,none
2015-04-24,WAKE_UP,1849,wupang,116,none
2015-04-24,OUT_OF_BED,15249,wupang,-5,none
2015-04-24,WAKE_UP,16007,wupang,-60,none
2015-04-24,OUT_OF_BED,1707,wupang,132,none
2015-04-24,OUT_OF_BED,16007,wupang,177,none
2015-04-24,SLEEP,15554,wupang,315,none
2015-04-24,IN_BED,15387,wupang,416,none
2015-04-24,SLEEP,15387,wupang,420,none
2015-04-24,OUT_OF_BED,15387,wupang,70,none
2015-04-24,OUT_OF_BED,1859,wupang,208,none
2015-04-24,IN_BED,15469,wupang,-3,none
2015-04-24,WAKE_UP,15469,wupang,-65,none
2015-04-24,OUT_OF_BED,15469,wupang,-46,none
2015-04-24,SLEEP,1139,wupang,47,none
2015-04-24,WAKE_UP,16058,wupang,0,none
2015-04-24,WAKE_UP,15995,wupang,75,none
2015-04-24,WAKE_UP,1861,hmm,22,none
2015-04-24,OUT_OF_BED,16149,wupang,60,none
2015-04-24,OUT_OF_BED,16141,hmm,217,none
2015-04-24,OUT_OF_BED,15191,hmm,-120,none
2015-04-24,WAKE_UP,1323,wupang,-92,none
2015-04-24,OUT_OF_BED,15235,wupang,118,none
2015-04-24,WAKE_UP,15235,wupang,120,none
2015-04-24,SLEEP,15244,wupang,52,none
2015-04-24,OUT_OF_BED,15343,wupang,60,none
2015-04-24,WAKE_UP,15244,wupang,171,none
2015-04-25,SLEEP,15966,wupang,285,none
2015-04-24,WAKE_UP,16039,wupang,-103,none
2015-04-24,SLEEP,15522,wupang,0,none
2015-04-24,OUT_OF_BED,15831,hmm,-316,none
2015-04-24,WAKE_UP,15831,hmm,-314,none
2015-04-24,WAKE_UP,15439,wupang,-180,none
2015-04-24,WAKE_UP,15926,wupang,12,none
2015-04-24,OUT_OF_BED,15666,wupang,-180,none
2015-04-24,OUT_OF_BED,15862,wupang,360,none
2015-04-24,WAKE_UP,15862,wupang,393,none
2015-04-24,OUT_OF_BED,1528,wupang,54,none
2015-04-24,WAKE_UP,15155,wupang,-26,none
2015-04-24,WAKE_UP,1595,wupang,69,none
2015-04-24,WAKE_UP,16108,wupang,-88,none
2015-04-24,WAKE_UP,16108,wupang,-88,none
2015-04-24,WAKE_UP,15266,wupang,85,none
2015-04-24,WAKE_UP,15658,wupang,-62,none
2015-04-24,OUT_OF_BED,1409,wupang,-53,none
2015-04-24,IN_BED,16028,wupang,-120,none
2015-04-24,OUT_OF_BED,16028,wupang,-120,none
2015-04-24,OUT_OF_BED,15994,wupang,-105,none
2015-04-24,SLEEP,15994,wupang,328,none
2015-04-24,IN_BED,15994,wupang,269,none
2015-04-24,OUT_OF_BED,15361,hmm,76,none
2015-04-24,SLEEP,15819,wupang,53,none
2015-04-24,WAKE_UP,15361,hmm,60,none
2015-04-24,OUT_OF_BED,16112,wupang,-107,none
2015-04-24,WAKE_UP,16112,wupang,-118,none
2015-04-24,SLEEP,16112,wupang,-348,none
2015-04-24,WAKE_UP,16112,wupang,-53,none
2015-04-24,SLEEP,16112,wupang,-391,none
2015-04-24,OUT_OF_BED,1840,hmm,-120,none
2015-04-24,OUT_OF_BED,15297,wupang,0,none
2015-04-24,SLEEP,15216,wupang,60,none
2015-04-24,OUT_OF_BED,15830,hmm,-169,none
2015-04-24,WAKE_UP,15830,hmm,-179,none
2015-04-24,SLEEP,15830,hmm,-35,none
2015-04-24,WAKE_UP,15073,wupang,60,none
2015-04-24,OUT_OF_BED,15073,wupang,65,none
2015-04-24,SLEEP,15117,wupang,65,none
2015-04-24,WAKE_UP,16020,hmm,-69,none
2015-04-24,OUT_OF_BED,15413,wupang,-19,none
2015-04-24,OUT_OF_BED,15921,hmm,-7,none
2015-04-24,WAKE_UP,15921,hmm,-8,none
2015-04-25,IN_BED,15966,wupang,318,none
2015-04-24,OUT_OF_BED,1828,wupang,295,none
2015-04-24,OUT_OF_BED,16125,wupang,-51,none
2015-04-24,SLEEP,15465,wupang,-35,none
2015-04-24,OUT_OF_BED,15965,wupang,-60,none
2015-04-24,WAKE_UP,15965,wupang,-60,none
2015-04-24,OUT_OF_BED,16104,wupang,210,none
2015-04-24,SLEEP,15993,wupang,135,none
2015-04-24,IN_BED,15993,wupang,157,none
2015-04-24,OUT_OF_BED,1650,wupang,300,none
2015-04-24,WAKE_UP,15539,wupang,96,none
2015-04-24,OUT_OF_BED,15539,wupang,105,none
2015-04-24,IN_BED,15539,wupang,120,none
2015-04-24,SLEEP,15539,wupang,104,none
2015-04-24,SLEEP,1967,wupang,408,none
2015-04-24,SLEEP,15201,wupang,336,none
2015-04-24,OUT_OF_BED,15118,wupang,94,none
2015-04-24,OUT_OF_BED,16130,hmm,145,none
2015-04-24,WAKE_UP,16130,hmm,195,none
2015-04-24,WAKE_UP,1828,wupang,296,none
2015-04-24,IN_BED,16006,wupang,0,none
2015-04-25,SLEEP,16104,wupang,60,none
2015-04-25,IN_BED,15839,wupang,374,none
2015-04-25,WAKE_UP,1768,wupang,134,none
2015-04-25,OUT_OF_BED,1768,wupang,123,none
2015-04-25,OUT_OF_BED,16223,wupang,72,none
2015-04-25,SLEEP,16023,wupang,24,none
2015-04-25,WAKE_UP,15560,wupang,60,none
2015-04-25,OUT_OF_BED,16156,wupang,88,none
2015-04-25,SLEEP,16156,wupang,25,none
2015-04-25,WAKE_UP,16156,wupang,110,none
2015-04-25,WAKE_UP,15226,wupang,95,none
2015-04-25,OUT_OF_BED,15226,wupang,154,none
2015-04-25,IN_BED,16156,wupang,-84,none
2015-04-25,OUT_OF_BED,1792,wupang,152,none
2015-04-25,WAKE_UP,1792,wupang,170,none
2015-04-24,IN_BED,15906,wupang,180,none
2015-04-25,OUT_OF_BED,15521,wupang,138,none
2015-04-25,SLEEP,15907,wupang,17,none
2015-04-25,OUT_OF_BED,1754,wupang,106,none
2015-04-25,WAKE_UP,1754,wupang,107,none
2015-04-25,OUT_OF_BED,16049,wupang,60,none
2015-04-25,WAKE_UP,16049,wupang,60,none
2015-04-25,OUT_OF_BED,15789,wupang,42,none
2015-04-25,SLEEP,15789,wupang,-73,none
2015-04-25,OUT_OF_BED,15776,wupang,105,none
2015-04-25,IN_BED,15521,wupang,-77,none
2015-04-25,OUT_OF_BED,1607,wupang,0,none
2015-04-25,SLEEP,15776,wupang,20,none
2015-04-25,SLEEP,15521,wupang,-60,none
2015-04-25,OUT_OF_BED,15521,wupang,10,none
2015-04-25,WAKE_UP,15183,wupang,130,none
2015-04-25,SLEEP,16177,wupang,-26,none
2015-04-25,OUT_OF_BED,1545,wupang,43,none
2015-04-25,SLEEP,15639,wupang,-65,none
2015-04-25,OUT_OF_BED,15847,wupang,56,none
2015-04-25,OUT_OF_BED,15796,wupang,15,none
2015-04-25,WAKE_UP,1541,wupang,83,none
2015-04-25,OUT_OF_BED,1541,wupang,83,none
2015-04-25,OUT_OF_BED,15705,wupang,103,none
2015-04-25,OUT_OF_BED,15086,wupang,57,none
2015-04-25,WAKE_UP,15931,wupang,120,none
2015-04-25,OUT_OF_BED,15872,wupang,134,none
2015-04-24,SLEEP,15922,wupang,252,none
2015-04-25,WAKE_UP,15922,wupang,57,none
2015-04-25,SLEEP,15884,wupang,-134,none
2015-04-25,WAKE_UP,15203,wupang,118,none
2015-04-25,OUT_OF_BED,15203,wupang,9,none
2015-04-25,SLEEP,15869,wupang,202,none
2015-04-25,OUT_OF_BED,15872,wupang,-5,none
2015-04-25,WAKE_UP,15872,wupang,-14,none
2015-04-25,WAKE_UP,15869,wupang,75,none
2015-04-25,OUT_OF_BED,15869,wupang,91,none
2015-04-25,WAKE_UP,15468,wupang,96,none
2015-04-25,IN_BED,15928,wupang,240,none
2015-04-25,OUT_OF_BED,15308,wupang,154,none
2015-04-25,OUT_OF_BED,15308,wupang,154,none
2015-04-25,WAKE_UP,15487,wupang,163,none
2015-04-24,WAKE_UP,15487,wupang,-128,none
2015-04-21,WAKE_UP,15468,wupang,-328,none
2015-04-25,IN_BED,16095,wupang,900,none
2015-04-21,OUT_OF_BED,15468,wupang,-329,none
2015-04-25,OUT_OF_BED,15947,wupang,127,none
2015-04-25,SLEEP,16095,wupang,164,none
2015-04-25,OUT_OF_BED,15292,wupang,249,none
2015-04-25,OUT_OF_BED,15909,wupang,256,none
2015-04-25,WAKE_UP,15292,wupang,258,none
2015-04-25,SLEEP,15292,wupang,193,none
2015-04-25,SLEEP,15689,wupang,28,none
2015-04-25,WAKE_UP,15365,wupang,156,none
2015-04-25,WAKE_UP,15365,wupang,154,none
2015-04-25,OUT_OF_BED,15899,wupang,24,none
2015-04-25,WAKE_UP,15828,wupang,52,none
2015-04-25,WAKE_UP,15139,wupang,120,none
2015-04-25,OUT_OF_BED,15139,wupang,22,none
2015-04-25,OUT_OF_BED,15094,wupang,21,none
2015-04-25,SLEEP,1498,wupang,-86,none
2015-04-25,OUT_OF_BED,1498,wupang,57,none
2015-04-25,WAKE_UP,1498,wupang,44,none
2015-04-25,WAKE_UP,15792,wupang,126,none
2015-04-25,WAKE_UP,16262,wupang,44,none
2015-04-25,WAKE_UP,16262,wupang,-20,none
2015-04-25,SLEEP,16125,wupang,39,none
2015-04-25,IN_BED,16266,wupang,60,none
2015-04-25,SLEEP,16266,wupang,60,none
2015-04-25,OUT_OF_BED,16224,wupang,0,none
2015-04-25,SLEEP,15928,wupang,240,none
2015-04-25,OUT_OF_BED,15229,wupang,13,none
2015-04-25,WAKE_UP,16268,wupang,-56,none
2015-04-25,WAKE_UP,16164,wupang,72,none
2015-04-25,IN_BED,16224,wupang,0,none
2015-04-25,IN_BED,16224,wupang,0,none
2015-04-25,OUT_OF_BED,16164,wupang,101,none
2015-04-25,IN_BED,16164,wupang,69,none
2015-04-25,IN_BED,16236,wupang,24,none
2015-04-25,SLEEP,16164,wupang,74,none
2015-04-25,SLEEP,16236,wupang,20,none
2015-04-25,WAKE_UP,15229,wupang,7,none
2015-04-25,IN_BED,15229,wupang,32,none
2015-04-25,SLEEP,15229,wupang,60,none
2015-04-25,WAKE_UP,15775,wupang,160,none
2015-04-25,OUT_OF_BED,15775,wupang,152,none
2015-04-25,OUT_OF_BED,15490,wupang,141,none
2015-04-25,SLEEP,15823,wupang,88,none
2015-04-25,SLEEP,15823,wupang,88,none
2015-04-25,OUT_OF_BED,15249,wupang,194,none
2015-04-25,IN_BED,15892,wupang,66,none
2015-04-25,SLEEP,15892,wupang,60,none
2015-04-25,IN_BED,16263,wupang,103,none
2015-04-25,WAKE_UP,15892,wupang,69,none
2015-04-25,WAKE_UP,16263,wupang,112,none
2015-04-25,WAKE_UP,15233,wupang,133,none
2015-04-25,WAKE_UP,15357,wupang,47,none
2015-04-25,OUT_OF_BED,15357,wupang,24,none
2015-04-25,OUT_OF_BED,15357,wupang,13,none
2015-04-25,WAKE_UP,15357,wupang,13,none
2015-04-25,OUT_OF_BED,15235,wupang,180,none
2015-04-25,WAKE_UP,15235,wupang,188,none
2015-04-25,IN_BED,16195,wupang,155,none
2015-04-25,OUT_OF_BED,15903,wupang,30,none
2015-04-24,IN_BED,15867,wupang,-60,none
2015-04-25,IN_BED,1278,wupang,-6,none
2015-04-24,OUT_OF_BED,15867,wupang,45,none
2015-04-25,WAKE_UP,1197,wupang,43,none
2015-04-25,SLEEP,1197,wupang,42,none
2015-04-25,OUT_OF_BED,16289,wupang,60,none
2015-04-25,IN_BED,16289,wupang,120,none
2015-04-25,WAKE_UP,16194,wupang,134,none
2015-04-25,WAKE_UP,15159,wupang,149,none
2015-04-25,OUT_OF_BED,15159,wupang,153,none
2015-04-25,OUT_OF_BED,1323,wupang,180,none
2015-04-25,WAKE_UP,15070,wupang,151,none
2015-04-25,WAKE_UP,1323,wupang,7,none
2015-04-25,IN_BED,1508,wupang,-1,none
2015-04-25,WAKE_UP,1508,wupang,272,none
2015-04-25,OUT_OF_BED,1508,wupang,275,none
2015-04-25,WAKE_UP,1861,wupang,9,none
2015-04-25,OUT_OF_BED,1861,wupang,9,none
2015-04-25,OUT_OF_BED,16178,wupang,127,none
2015-04-25,WAKE_UP,16178,wupang,138,none
2015-04-25,IN_BED,15875,wupang,206,none
2015-04-25,SLEEP,15875,wupang,192,none
2015-04-25,WAKE_UP,15655,wupang,60,none
2015-04-25,IN_BED,15844,wupang,0,none
2015-04-25,SLEEP,16074,wupang,178,none
2015-04-25,IN_BED,15844,wupang,0,none
2015-04-25,OUT_OF_BED,15118,wupang,110,none
2015-04-25,OUT_OF_BED,15069,wupang,90,none
2015-04-25,OUT_OF_BED,16074,wupang,-12,none
2015-04-25,OUT_OF_BED,15143,wupang,253,none
2015-04-25,WAKE_UP,15143,wupang,240,none
2015-04-25,WAKE_UP,16074,wupang,-20,none
2015-04-25,OUT_OF_BED,16007,wupang,86,none
2015-04-25,WAKE_UP,16007,wupang,120,none
2015-04-25,OUT_OF_BED,16290,wupang,-60,none
2015-04-25,WAKE_UP,16290,wupang,-60,none
2015-04-25,OUT_OF_BED,15314,wupang,60,none
2015-04-25,WAKE_UP,15314,wupang,60,none
2015-04-25,SLEEP,16097,wupang,49,none
2015-04-25,OUT_OF_BED,1839,wupang,37,none
2015-04-25,OUT_OF_BED,16097,wupang,82,none
2015-04-25,WAKE_UP,16097,wupang,64,none
2015-04-25,WAKE_UP,1614,wupang,9,none
2015-04-25,SLEEP,15247,wupang,-73,none
2015-04-25,IN_BED,1113,wupang,60,none
2015-04-25,SLEEP,1112,hmm,32,none
2015-04-25,WAKE_UP,1113,wupang,60,none
2015-04-25,WAKE_UP,1112,hmm,60,none
2015-04-25,WAKE_UP,16247,wupang,141,none
2015-04-25,WAKE_UP,15472,wupang,21,none
2015-04-25,OUT_OF_BED,15472,wupang,15,none
2015-04-25,WAKE_UP,16294,wupang,270,none
2015-04-25,OUT_OF_BED,16294,wupang,300,none
2015-04-25,IN_BED,15315,wupang,120,none
2015-04-25,SLEEP,15315,wupang,136,none
2015-04-25,WAKE_UP,1768,wupang,118,none
2015-04-25,IN_BED,16292,wupang,100,none
2015-04-25,OUT_OF_BED,1768,wupang,120,none
2015-04-25,SLEEP,16292,wupang,100,none
2015-04-25,IN_BED,15611,wupang,105,none
2015-04-25,WAKE_UP,1566,wupang,12,none
2015-04-25,OUT_OF_BED,15611,wupang,145,none
2015-04-25,SLEEP,16233,wupang,480,none
2015-04-25,IN_BED,16233,wupang,471,none
2015-04-25,WAKE_UP,1622,wupang,158,none
2015-04-25,OUT_OF_BED,15955,wupang,178,none
2015-04-25,OUT_OF_BED,15190,wupang,69,none
2015-04-25,IN_BED,16117,wupang,203,none
2015-04-25,WAKE_UP,15190,wupang,79,none
2015-04-25,OUT_OF_BED,15666,wupang,-328,none
2015-04-25,SLEEP,16170,wupang,50,none
2015-04-25,WAKE_UP,16262,wupang,-31,none
2015-04-25,WAKE_UP,15370,wupang,98,none
2015-04-25,SLEEP,15997,wupang,60,none
2015-04-25,OUT_OF_BED,15903,wupang,-11,none
2015-04-25,OUT_OF_BED,15997,wupang,96,none
2015-04-25,WAKE_UP,1400,wupang,71,none
2015-04-25,WAKE_UP,1400,wupang,55,none
2015-04-25,OUT_OF_BED,1400,wupang,56,none
2015-04-25,OUT_OF_BED,15004,wupang,120,none
2015-04-25,WAKE_UP,15004,wupang,50,none
2015-04-25,OUT_OF_BED,16210,wupang,218,none
2015-04-25,SLEEP,16210,wupang,459,none
2015-04-25,SLEEP,15959,wupang,95,none
2015-04-25,OUT_OF_BED,16210,wupang,212,none
2015-04-25,WAKE_UP,16210,wupang,213,none
2015-04-25,SLEEP,1222,wupang,60,none
2015-04-25,SLEEP,15655,wupang,60,none
2015-04-25,OUT_OF_BED,15339,wupang,257,none
2015-04-25,OUT_OF_BED,15339,wupang,48,none
2015-04-25,OUT_OF_BED,16149,wupang,88,none
2015-04-25,IN_BED,15699,wupang,-289,none
2015-04-25,WAKE_UP,16228,wupang,120,none
2015-04-25,OUT_OF_BED,16228,wupang,126,none
2015-04-25,WAKE_UP,16147,wupang,171,none
2015-04-25,OUT_OF_BED,16147,wupang,180,none
2015-04-25,IN_BED,15823,wupang,109,none
2015-04-25,WAKE_UP,15431,wupang,189,none
2015-04-25,WAKE_UP,15431,wupang,14,none
2015-04-25,WAKE_UP,15922,wupang,0,none
2015-04-25,OUT_OF_BED,15227,wupang,-229,none
2015-04-25,WAKE_UP,1849,wupang,10,none
2015-04-25,OUT_OF_BED,16103,wupang,90,none
2015-04-25,WAKE_UP,15810,wupang,104,none
2015-04-25,OUT_OF_BED,1506,wupang,174,none
2015-04-25,IN_BED,15810,wupang,257,none
2015-04-25,IN_BED,15443,wupang,100,none
2015-04-25,SLEEP,15443,wupang,130,none
2015-04-25,WAKE_UP,15234,wupang,64,none
2015-04-25,WAKE_UP,15234,wupang,61,none
2015-04-25,SLEEP,1562,wupang,22,none
2015-04-25,OUT_OF_BED,1562,wupang,60,none
2015-04-25,WAKE_UP,1562,wupang,60,none
2015-04-25,WAKE_UP,1508,wupang,-112,none
2015-04-25,OUT_OF_BED,1508,wupang,-122,none
2015-04-25,WAKE_UP,15337,wupang,-30,none
2015-04-25,OUT_OF_BED,16165,wupang,0,none
2015-04-25,WAKE_UP,15155,wupang,-38,none
2015-04-25,WAKE_UP,1612,wupang,-39,none
2015-04-25,OUT_OF_BED,15936,wupang,123,none
2015-04-25,IN_BED,1967,wupang,394,none
2015-04-25,IN_BED,15915,wupang,62,none
2015-04-25,SLEEP,1967,wupang,305,none
2015-04-25,WAKE_UP,1967,wupang,0,none
2015-04-25,IN_BED,16204,wupang,-34,none
2015-04-25,WAKE_UP,16192,wupang,-21,none
2015-04-25,SLEEPING,16149,wupang,106,none
2015-04-25,OUT_OF_BED,15457,hmm,140,none
2015-04-25,WAKE_UP,15457,hmm,194,none
2015-04-25,WAKE_UP,1323,wupang,-60,none
2015-04-25,IN_BED,1463,wupang,29,none
2015-04-25,SLEEP,1463,wupang,34,none
2015-04-25,IN_BED,16138,wupang,75,none
2015-04-25,OUT_OF_BED,1463,wupang,57,none
2015-04-25,SLEEP,16138,wupang,64,none
2015-04-25,WAKE_UP,1463,wupang,60,none
2015-04-25,WAKE_UP,16138,wupang,66,none
2015-04-25,OUT_OF_BED,15783,wupang,29,none
2015-04-25,SLEEP,1727,wupang,124,none
2015-04-25,WAKE_UP,15840,wupang,-49,none
2015-04-25,OUT_OF_BED,15953,wupang,-61,none
2015-04-25,WAKE_UP,15953,wupang,-39,none
2015-04-25,OUT_OF_BED,15249,wupang,-156,none
2015-04-25,WAKE_UP,15439,wupang,-136,none
2015-04-25,IN_BED,16074,wupang,310,none
2015-04-25,OUT_OF_BED,15822,wupang,-10,none
2015-04-25,WAKE_UP,15958,wupang,120,none
2015-04-25,OUT_OF_BED,15780,wupang,199,none
2015-04-25,SLEEP,15958,wupang,446,none
2015-04-25,IN_BED,15780,wupang,359,none
2015-04-25,IN_BED,15984,wupang,-120,none
2015-04-25,WAKE_UP,15984,wupang,132,none
2015-04-25,OUT_OF_BED,15975,wupang,121,none
2015-04-25,SLEEP,15987,wupang,180,none
2015-04-25,SLEEP,15489,wupang,100,none
2015-04-25,OUT_OF_BED,16290,wupang,-69,none
2015-04-25,IN_BED,1038,hmm,60,none
2015-04-25,OUT_OF_BED,15227,wupang,-240,none
2015-04-25,OUT_OF_BED,15294,wupang,218,none
2015-04-25,WAKE_UP,15294,wupang,226,none
2015-04-25,WAKE_UP,16141,wupang,-189,none
2015-04-25,WAKE_UP,16141,wupang,-190,none
2015-04-25,WAKE_UP,1056,voting,-102,none
2015-04-25,IN_BED,15888,wupang,139,none
2015-04-25,SLEEP,15893,wupang,240,none
2015-04-25,WAKE_UP,16138,wupang,-44,none
2015-04-25,WAKE_UP,15995,wupang,85,none
2015-04-25,OUT_OF_BED,16138,wupang,-55,none
2015-04-25,WAKE_UP,15285,wupang,200,none
2015-04-25,WAKE_UP,1507,wupang,-34,none
2015-04-25,OUT_OF_BED,1507,wupang,-33,none
2015-04-25,WAKE_UP,1578,wupang,-24,none
2015-04-25,WAKE_UP,15245,wupang,-57,none
2015-04-25,IN_BED,16112,wupang,162,none
2015-04-25,SLEEP,16112,wupang,195,none
2015-04-25,IN_BED,15366,wupang,44,none
2015-04-25,OUT_OF_BED,1500,wupang,153,none
2015-04-25,WAKE_UP,1500,wupang,152,none
2015-04-24,SLEEP,15955,wupang,5,none
2015-04-25,IN_BED,15997,wupang,36,none
2015-04-25,WAKE_UP,15655,wupang,-60,none
2015-04-25,WAKE_UP,1211,wupang,-113,none
2015-04-25,IN_BED,15338,wupang,218,none
2015-04-25,SLEEP,15338,wupang,208,none
2015-04-25,SLEEP,15117,wupang,120,none
2015-04-25,SLEEP,15103,wupang,120,none
2015-04-25,SLEEP,15950,wupang,33,none
2015-04-25,SLEEP,1093,hmm,173,none
2015-04-25,WAKE_UP,15201,wupang,300,none
2015-04-25,WAKE_UP,1531,wupang,-40,none
2015-04-25,SLEEP,1510,wupang,205,none
2015-04-24,WAKE_UP,1510,wupang,90,none
2015-04-24,OUT_OF_BED,1510,wupang,96,none
2015-04-25,OUT_OF_BED,16170,wupang,-67,none
2015-04-25,OUT_OF_BED,15775,wupang,-160,none
2015-04-25,SLEEP,15286,wupang,97,none
2015-04-25,IN_BED,16258,wupang,59,none
2015-04-25,OUT_OF_BED,1323,wupang,-21,none
2015-04-25,OUT_OF_BED,1393,wupang,220,none
2015-04-25,WAKE_UP,1393,wupang,208,none
2015-04-24,WAKE_UP,15268,wupang,141,none
2015-04-24,SLEEP,15268,wupang,35,none
2015-04-25,SLEEP,15268,wupang,26,none
2015-04-25,OUT_OF_BED,15951,wupang,-240,none
2015-04-25,WAKE_UP,16254,wupang,-53,none
2015-04-25,SLEEP,1792,wupang,25,none
2015-04-25,IN_BED,15424,wupang,-286,none
2015-04-25,SLEEP,1228,wupang,152,none
2015-04-25,SLEEP,1228,wupang,152,none
2015-04-25,SLEEP,1228,wupang,-6,none
2015-04-25,OUT_OF_BED,16175,wupang,-195,none
2015-04-24,OUT_OF_BED,15868,wupang,-185,none
2015-04-25,WAKE_UP,15266,wupang,243,none
2015-04-25,SLEEP,15914,wupang,0,none
2015-04-21,SLEEP,1873,wupang,917,none
2015-04-25,OUT_OF_BED,15942,wupang,29,none
2015-04-25,WAKE_UP,15566,wupang,-88,none
2015-04-25,OUT_OF_BED,15566,wupang,-79,none
2015-04-25,OUT_OF_BED,16276,wupang,140,none
2015-04-25,WAKE_UP,16276,wupang,147,none
2015-04-25,WAKE_UP,1930,wupang,96,none
2015-04-25,IN_BED,15399,wupang,-19,none
2015-04-25,OUT_OF_BED,15399,wupang,123,none
2015-04-25,WAKE_UP,15540,wupang,-24,none
2015-04-25,OUT_OF_BED,15540,wupang,-31,none
2015-04-25,OUT_OF_BED,16130,wupang,-86,none
2015-04-25,OUT_OF_BED,1013,wupang,-96,none
2015-04-26,IN_BED,16307,wupang,120,none
2015-04-26,IN_BED,16254,wupang,151,none
2015-04-24,OUT_OF_BED,1725,wupang,120,none
2015-04-25,WAKE_UP,15739,wupang,128,none
2015-04-24,OUT_OF_BED,15921,hmm,-142,none
2015-04-25,SLEEP,16289,wupang,108,none
2015-04-26,IN_BED,16366,wupang,106,none
2015-04-25,OUT_OF_BED,1707,wupang,-382,none
2015-04-25,WAKE_UP,16074,wupang,-118,none
2015-04-26,SLEEP,15658,wupang,282,none
2015-04-26,WAKE_UP,15658,wupang,462,none
2015-04-25,WAKE_UP,16058,wupang,-190,none
2015-04-26,WAKE_UP,15783,wupang,32,none
2015-04-26,OUT_OF_BED,16366,wupang,77,none
2015-04-26,WAKE_UP,16265,wupang,51,none
2015-04-26,OUT_OF_BED,15855,wupang,16,none
2015-04-26,WAKE_UP,16206,wupang,83,none
2015-04-25,OUT_OF_BED,16058,wupang,-118,none
2015-04-25,SLEEP,15635,wupang,149,none
2015-04-25,IN_BED,15635,wupang,155,none
2015-04-25,SLEEP,15554,wupang,148,none
2015-04-25,IN_BED,15554,wupang,155,none
2015-04-25,IN_BED,15343,wupang,22,none
2015-04-25,SLEEP,15343,wupang,35,none
2015-04-26,OUT_OF_BED,15523,wupang,9,none
2015-04-26,WAKE_UP,15523,wupang,10,none
2015-04-26,IN_BED,1721,wupang,-14,none
2015-04-26,OUT_OF_BED,1721,wupang,76,none
2015-04-26,OUT_OF_BED,16165,wupang,27,none
2015-04-26,IN_BED,16011,wupang,224,none
2015-04-26,SLEEP,16011,wupang,223,none
2015-04-26,WAKE_UP,15781,wupang,-32,none
2015-04-26,OUT_OF_BED,16341,wupang,24,none
2015-04-26,OUT_OF_BED,15781,wupang,62,none
2015-04-26,OUT_OF_BED,15781,wupang,-39,none
2015-04-26,IN_BED,16235,wupang,44,none
2015-04-26,OUT_OF_BED,16235,wupang,11,none
2015-04-26,WAKE_UP,15254,wupang,167,none
2015-04-26,OUT_OF_BED,15254,wupang,156,none
2015-04-26,WAKE_UP,16355,wupang,-15,none
2015-04-26,OUT_OF_BED,15872,wupang,15,none
2015-04-26,WAKE_UP,15570,wupang,-116,none
2015-04-26,OUT_OF_BED,16154,wupang,78,none
2015-04-25,WAKE_UP,15855,wupang,-101,none
2015-04-26,WAKE_UP,15920,wupang,129,none
2015-04-26,OUT_OF_BED,15920,wupang,180,none
2015-04-26,IN_BED,15920,wupang,120,none
2015-04-26,SLEEP,15883,wupang,90,none
2015-04-26,OUT_OF_BED,15883,wupang,18,none
2015-04-26,WAKE_UP,15883,wupang,28,none
2015-04-26,SLEEP,1498,wupang,26,none
2015-04-26,IN_BED,1498,wupang,-20,none
2015-04-26,OUT_OF_BED,1498,wupang,14,none
2015-04-25,WAKE_UP,16020,wupang,-107,none
2015-04-26,WAKE_UP,1498,wupang,7,none
2015-04-26,SLEEP,16077,wupang,41,none
2015-04-26,WAKE_UP,15886,wupang,112,none
2015-04-26,WAKE_UP,16077,wupang,12,none
2015-04-26,OUT_OF_BED,16138,wupang,360,none
2015-04-26,WAKE_UP,1541,wupang,38,none
2015-04-26,OUT_OF_BED,15886,wupang,113,none
2015-04-26,OUT_OF_BED,16156,wupang,13,none
2015-04-26,SLEEP,15886,wupang,32,none
2015-04-26,OUT_OF_BED,1414,wupang,163,none
2015-04-26,OUT_OF_BED,16024,wupang,77,none
2015-04-26,OUT_OF_BED,16249,wupang,60,none
2015-04-26,WAKE_UP,15903,wupang,6,none
2015-04-26,OUT_OF_BED,15621,wupang,172,none
2015-04-26,WAKE_UP,15621,wupang,180,none
2015-04-26,IN_BED,15872,wupang,-6,none
2015-04-26,WAKE_UP,16234,wupang,46,none
2015-04-26,WAKE_UP,1400,wupang,63,none
2015-04-26,OUT_OF_BED,1400,wupang,35,none
2015-04-26,IN_BED,16258,wupang,72,none
2015-04-26,WAKE_UP,15777,wupang,10,none
2015-04-26,OUT_OF_BED,15521,wupang,10,none
2015-04-26,WAKE_UP,15777,wupang,59,none
2015-04-26,WAKE_UP,15970,wupang,-42,none
2015-04-26,WAKE_UP,1541,wupang,35,none
2015-04-26,WAKE_UP,1930,wupang,67,none
2015-04-26,OUT_OF_BED,15778,wupang,20,none
2015-04-26,WAKE_UP,16266,wupang,25,none
2015-04-26,OUT_OF_BED,16266,wupang,30,none
2015-04-26,OUT_OF_BED,16032,wupang,91,none
2015-04-26,WAKE_UP,16032,wupang,101,none
2015-04-26,OUT_OF_BED,15094,wupang,20,none
2015-04-26,SLEEP,15789,wupang,7,none
2015-04-26,IN_BED,15658,wupang,253,none
2015-04-25,WAKE_UP,15343,wupang,-71,none
2015-04-26,IN_BED,16138,wupang,313,none
2015-04-26,OUT_OF_BED,15789,wupang,36,none
2015-04-26,WAKE_UP,15789,wupang,31,none
2015-04-26,IN_BED,15791,wupang,0,none
2015-04-26,OUT_OF_BED,15187,wupang,21,none
2015-04-26,SLEEP,15791,wupang,48,none
2015-04-26,WAKE_UP,15382,wupang,33,none
2015-04-26,OUT_OF_BED,15382,wupang,49,none
2015-04-26,WAKE_UP,15398,wupang,111,none
2015-04-26,WAKE_UP,15187,wupang,24,none
2015-04-26,WAKE_UP,1788,wupang,60,none
2015-04-26,SLEEP,16318,wupang,300,none
2015-04-26,OUT_OF_BED,1788,wupang,47,none
2015-04-26,OUT_OF_BED,16318,wupang,6,none
2015-04-26,IN_BED,16164,wupang,45,none
2015-04-26,SLEEP,16164,wupang,83,none
2015-04-26,WAKE_UP,16164,wupang,62,none
2015-04-26,OUT_OF_BED,16164,wupang,55,none
2015-04-26,OUT_OF_BED,15813,wupang,124,none
2015-04-26,WAKE_UP,15813,wupang,135,none
2015-04-26,WAKE_UP,1588,wupang,60,none
2015-04-26,OUT_OF_BED,15060,wupang,31,none
2015-04-26,OUT_OF_BED,15060,wupang,19,none
2015-04-26,OUT_OF_BED,1588,wupang,50,none
2015-04-26,SLEEP,15847,wupang,31,none
2015-04-26,WAKE_UP,15226,wupang,186,none
2015-04-26,OUT_OF_BED,15069,wupang,11,none
2015-04-26,OUT_OF_BED,15226,wupang,209,none
2015-04-26,WAKE_UP,15183,wupang,109,none
2015-04-26,SLEEP,16178,wupang,100,none
2015-04-26,OUT_OF_BED,15287,wupang,71,none
2015-04-26,OUT_OF_BED,16178,wupang,16,none
2015-04-26,OUT_OF_BED,1676,wupang,35,none
2015-04-26,OUT_OF_BED,1519,wupang,14,none
2015-04-26,OUT_OF_BED,15183,wupang,99,none
2015-04-26,IN_BED,16178,wupang,95,none
2015-04-26,WAKE_UP,15879,wupang,60,none
2015-04-26,OUT_OF_BED,15846,wupang,-30,none
2015-04-26,OUT_OF_BED,16178,wupang,12,none
2015-04-26,SLEEP,16184,wupang,90,none
2015-04-26,WAKE_UP,16184,wupang,177,none
2015-04-26,OUT_OF_BED,16184,wupang,166,none
2015-04-26,WAKE_UP,15068,wupang,221,none
2015-04-26,IN_BED,15888,wupang,180,none
2015-04-26,SLEEP,16049,wupang,80,none
2015-04-26,WAKE_UP,16049,wupang,19,none
2015-04-26,IN_BED,16247,wupang,30,none
2015-04-26,IN_BED,16247,wupang,10,none
2015-04-26,WAKE_UP,1519,wupang,10,none
2015-04-26,OUT_OF_BED,15070,wupang,31,none
2015-04-26,OUT_OF_BED,16215,wupang,27,none
2015-04-26,WAKE_UP,16215,wupang,114,none
2015-04-26,SLEEP,16247,wupang,39,none
2015-04-26,SLEEP,16247,wupang,39,none
2015-04-26,SLEEP,16247,wupang,10,none
2015-04-26,OUT_OF_BED,1516,wupang,16,none
2015-04-26,WAKE_UP,1516,wupang,20,none
2015-04-26,WAKE_UP,16308,wupang,179,none
2015-04-26,OUT_OF_BED,15169,wupang,199,none
2015-04-26,WAKE_UP,15234,wupang,15,none
2015-04-26,OUT_OF_BED,15234,wupang,9,none
2015-04-26,OUT_OF_BED,16228,wupang,100,none
2015-04-26,WAKE_UP,16228,wupang,151,none
2015-04-26,OUT_OF_BED,15230,wupang,194,none
2015-04-26,WAKE_UP,15159,wupang,30,none
2015-04-26,IN_BED,15907,wupang,-14,none
2015-04-26,OUT_OF_BED,15159,wupang,44,none
2015-04-26,IN_BED,15159,wupang,-24,none
2015-04-26,SLEEP,15089,wupang,11,none
2015-04-26,WAKE_UP,15143,wupang,89,none
2015-04-26,OUT_OF_BED,15791,wupang,5,none
2015-04-26,SLEEP,16021,wupang,45,none
2015-04-26,WAKE_UP,16021,wupang,0,none
2015-04-26,SLEEP,1197,wupang,99,none
2015-04-26,IN_BED,15892,wupang,27,none
2015-04-26,IN_BED,15892,wupang,27,none
2015-04-26,IN_BED,16204,wupang,60,none
2015-04-26,OUT_OF_BED,16292,wupang,13,none
2015-04-26,IN_BED,15307,wupang,156,none
2015-04-26,OUT_OF_BED,15307,wupang,317,none
2015-04-26,OUT_OF_BED,1839,wupang,99,none
2015-04-26,WAKE_UP,15045,wupang,-60,none
2015-04-26,WAKE_UP,15070,wupang,110,none
2015-04-26,WAKE_UP,15365,wupang,-18,none
2015-04-26,IN_BED,15821,wupang,60,none
2015-04-26,OUT_OF_BED,15070,wupang,21,none
2015-04-26,OUT_OF_BED,15775,wupang,198,none
2015-04-26,WAKE_UP,15775,wupang,180,none
2015-04-26,OUT_OF_BED,16130,wupang,120,none
2015-04-26,WAKE_UP,16130,wupang,126,none
2015-04-26,WAKE_UP,15828,wupang,84,none
2015-04-26,OUT_OF_BED,15828,wupang,63,none
2015-04-26,OUT_OF_BED,16028,wupang,49,none
2015-04-26,SLEEP,16204,wupang,60,none
2015-04-26,WAKE_UP,1614,wupang,38,none
2015-04-26,OUT_OF_BED,15086,wupang,80,none
2015-04-26,OUT_OF_BED,15108,wupang,94,none
2015-04-26,SLEEP,15130,wupang,72,none
2015-04-26,WAKE_UP,15302,wupang,22,none
2015-04-26,OUT_OF_BED,15302,wupang,16,none
2015-04-26,WAKE_UP,15996,wupang,99,none
2015-04-26,OUT_OF_BED,15996,wupang,88,none
2015-04-26,OUT_OF_BED,16140,wupang,24,none
2015-04-26,IN_BED,16140,wupang,-16,none
2015-04-26,IN_BED,15564,wupang,297,none
2015-04-26,OUT_OF_BED,15294,wupang,117,none
2015-04-26,WAKE_UP,15294,wupang,127,none
2015-04-26,OUT_OF_BED,16327,wupang,100,none
2015-04-26,WAKE_UP,16327,wupang,101,none
2015-04-25,OUT_OF_BED,15118,wupang,-61,none
2015-04-26,OUT_OF_BED,15314,wupang,30,none
2015-04-26,WAKE_UP,15314,wupang,41,none
2015-04-26,IN_BED,1278,wupang,3,none
2015-04-26,OUT_OF_BED,15802,wupang,74,none
2015-04-26,WAKE_UP,15802,wupang,70,none
2015-04-26,IN_BED,15780,wupang,127,none
2015-04-26,WAKE_UP,15357,wupang,87,none
2015-04-26,OUT_OF_BED,15780,wupang,120,none
2015-04-26,IN_BED,15871,wupang,87,none
2015-04-26,SLEEP,15871,wupang,84,none
2015-04-26,OUT_OF_BED,15364,wupang,237,none
2015-04-26,WAKE_UP,15070,wupang,13,none
2015-04-26,OUT_OF_BED,15070,wupang,17,none
2015-04-26,IN_BED,15292,wupang,60,none
2015-04-26,WAKE_UP,15070,wupang,12,none
2015-04-26,SLEEP,15292,wupang,56,none
2015-04-26,OUT_OF_BED,16336,wupang,100,none
2015-04-26,OUT_OF_BED,15926,wupang,142,none
2015-04-26,SLEEP,15324,wupang,240,none
2015-04-26,OUT_OF_BED,15837,wupang,19,none
2015-04-26,WAKE_UP,16058,wupang,214,none
2015-04-26,OUT_OF_BED,16058,wupang,240,none
2015-04-26,SLEEP,16192,wupang,291,none
2015-04-26,WAKE_UP,15950,wupang,-20,none
2015-04-26,OUT_OF_BED,16011,wupang,480,none
2015-04-26,IN_BED,15837,wupang,-80,none
2015-04-26,WAKE_UP,16141,wupang,41,none
2015-04-26,OUT_OF_BED,16141,wupang,40,none
2015-04-26,IN_BED,15356,wupang,-164,none
2015-04-26,SLEEP,1578,wupang,25,none
2015-04-26,WAKE_UP,15356,wupang,-25,none
2015-04-26,WAKE_UP,16337,wupang,-113,none
2015-04-26,OUT_OF_BED,15356,wupang,-26,none
2015-04-26,SLEEP,16268,wupang,180,none
2015-04-26,WAKE_UP,15924,wupang,540,none
2015-04-26,WAKE_UP,16108,wupang,224,none
2015-04-26,OUT_OF_BED,15860,wupang,245,none
2015-04-26,SLEEP,16108,wupang,149,none
2015-04-26,SLEEP,16108,wupang,149,none
2015-04-26,WAKE_UP,15860,wupang,235,none
2015-04-26,OUT_OF_BED,1113,wupang,217,none
2015-04-26,WAKE_UP,15472,wupang,126,none
2015-04-26,SLEEP,15875,wupang,291,none
2015-04-26,OUT_OF_BED,15472,wupang,122,none
2015-04-26,OUT_OF_BED,16125,wupang,58,none
2015-04-26,OUT_OF_BED,15790,wupang,203,none
2015-04-26,OUT_OF_BED,16149,wupang,205,none
2015-04-26,OUT_OF_BED,16149,wupang,171,none
2015-04-26,OUT_OF_BED,16195,wupang,84,none
2015-04-26,IN_BED,1463,wupang,158,none
2015-04-26,WAKE_UP,1463,wupang,138,none
2015-04-26,OUT_OF_BED,1463,wupang,150,none
2015-04-26,OUT_OF_BED,1479,wupang,120,none
2015-04-26,WAKE_UP,16283,wupang,120,none
2015-04-26,WAKE_UP,15469,wupang,-64,none
2015-04-26,IN_BED,15469,wupang,-10,none
2015-04-25,IN_BED,16137,wupang,709,none
2015-04-26,SLEEP,16144,wupang,4,none
2015-04-26,SLEEP,1500,wupang,360,none
2015-04-26,WAKE_UP,15375,wupang,180,none
2015-04-26,IN_BED,15119,wupang,179,none
2015-04-26,OUT_OF_BED,1562,wupang,46,none
2015-04-26,SLEEP,1562,wupang,10,none
2015-04-26,WAKE_UP,15604,wupang,-57,none
2015-04-26,SLEEP,1843,wupang,37,none
2015-04-26,OUT_OF_BED,15984,wupang,103,none
2015-04-26,WAKE_UP,15984,wupang,11,none
2015-04-26,IN_BED,15490,wupang,505,none
2015-04-26,IN_BED,15950,wupang,-155,none
2015-04-26,SLEEP,15950,wupang,-180,none
2015-04-26,WAKE_UP,16128,wupang,144,none
2015-04-26,WAKE_UP,15950,wupang,-84,none
2015-04-26,IN_BED,16165,wupang,16,none
2015-04-26,SLEEP,15901,wupang,142,none
2015-04-26,OUT_OF_BED,1500,wupang,97,none
2015-04-26,OUT_OF_BED,1500,wupang,82,none
2015-04-26,SLEEP,15953,wupang,60,none
2015-04-26,IN_BED,15870,wupang,854,none
2015-04-26,IN_BED,15870,wupang,122,none
2015-04-26,IN_BED,15229,wupang,-73,none
2015-04-26,OUT_OF_BED,15229,wupang,-22,none
2015-04-26,IN_BED,16192,wupang,300,none
2015-04-26,OUT_OF_BED,1823,wupang,18,none
2015-04-26,WAKE_UP,1823,wupang,15,none
2015-04-26,SLEEP,15084,wupang,264,none
2015-04-26,WAKE_UP,15084,wupang,44,none
2015-04-26,SLEEP,15689,wupang,37,none
2015-04-26,WAKE_UP,15689,wupang,-92,none
2015-04-26,OUT_OF_BED,15689,wupang,-98,none
2015-04-26,OUT_OF_BED,16137,wupang,37,none
2015-04-26,SLEEP,15869,wupang,116,none
2015-04-26,IN_BED,1450,wupang,379,none
2015-04-26,SLEEP,1450,wupang,377,none
2015-04-26,OUT_OF_BED,1450,wupang,519,none
2015-04-26,WAKE_UP,1450,wupang,501,none
2015-04-26,IN_BED,16118,wupang,60,none
2015-04-26,OUT_OF_BED,16118,wupang,-50,none
2015-04-26,OUT_OF_BED,1393,wupang,-644,none
2015-04-26,OUT_OF_BED,1393,wupang,-661,none
2015-04-26,WAKE_UP,1393,wupang,-56,none
2015-04-26,OUT_OF_BED,16138,wupang,105,none
2015-04-26,SLEEP,16117,wupang,131,none
2015-04-26,WAKE_UP,1025,voting,-100,none
2015-04-26,SLEEP,1025,voting,-60,none
2015-04-26,OUT_OF_BED,15949,wupang,-265,none
2015-04-26,SLEEP,1053,hmm,120,none
2015-04-26,SLEEP,1053,hmm,120,none
2015-04-26,IN_BED,1053,hmm,126,none
2015-04-26,IN_BED,1053,hmm,126,none
2015-04-26,WAKE_UP,1053,hmm,9,none
2015-04-26,WAKE_UP,1053,hmm,9,none
2015-04-26,OUT_OF_BED,1053,hmm,-160,none
2015-04-26,OUT_OF_BED,1053,hmm,-160,none
2015-04-26,OUT_OF_BED,1762,wupang,6,none
2015-04-26,SLEEP,1762,wupang,-36,none
2015-04-26,SLEEP,15173,wupang,174,none
2015-04-26,WAKE_UP,15733,wupang,-36,none
2015-04-26,IN_BED,16010,wupang,41,none
2015-04-26,SLEEP,15105,wupang,660,none
2015-04-25,OUT_OF_BED,1539,wupang,60,none
2015-04-26,OUT_OF_BED,1190,wupang,120,none
2015-04-26,OUT_OF_BED,15992,wupang,-22,none
2015-04-26,WAKE_UP,16210,wupang,-39,none
2015-04-26,OUT_OF_BED,16210,wupang,-60,none
2015-04-26,OUT_OF_BED,1731,wupang,12,none
2015-04-26,WAKE_UP,15411,wupang,-240,none
2015-04-26,OUT_OF_BED,15466,wupang,-284,none
2015-04-26,WAKE_UP,15466,wupang,-281,none
2015-04-26,WAKE_UP,1062,hmm,148,none
2015-04-26,OUT_OF_BED,1062,hmm,124,none
2015-04-25,IN_BED,15818,wupang,780,none
2015-04-26,OUT_OF_BED,15050,wupang,254,none
2015-04-26,SLEEP,1361,wupang,342,none
2015-04-26,OUT_OF_BED,15413,wupang,194,none
2015-04-26,WAKE_UP,15413,wupang,195,none
2015-04-26,OUT_OF_BED,16020,wupang,164,none
2015-04-26,WAKE_UP,16020,wupang,263,none
2015-04-25,OUT_OF_BED,16020,wupang,-80,none
2015-04-26,SLEEP,16020,wupang,28,none
2015-04-26,WAKE_UP,16039,wupang,-43,none
2015-04-26,IN_BED,15935,wupang,32,none
2015-04-26,SLEEP,15935,wupang,46,none
2015-04-26,OUT_OF_BED,15935,wupang,-9,none
2015-04-26,WAKE_UP,15935,wupang,13,none
2015-04-26,OUT_OF_BED,15499,wupang,203,none
2015-04-26,WAKE_UP,15033,wupang,158,none
2015-04-26,SLEEP,1228,wupang,68,none
2015-04-26,SLEEP,1228,wupang,5,none
2015-04-26,WAKE_UP,1228,wupang,16,none
2015-04-26,WAKE_UP,1228,wupang,16,none
2015-04-26,OUT_OF_BED,15856,wupang,155,none
2015-04-26,IN_BED,1536,wupang,-142,none
2015-04-26,OUT_OF_BED,15033,wupang,164,none
2015-04-26,IN_BED,15074,wupang,461,none
2015-04-26,WAKE_UP,1428,wupang,-50,none
2015-04-26,SLEEP,15074,wupang,411,none
2015-04-26,WAKE_UP,15190,wupang,43,none
2015-04-26,WAKE_UP,15074,wupang,6,none
2015-04-26,SLEEP,1488,wupang,-251,none
2015-04-26,SLEEP,15867,wupang,121,none
2015-04-26,WAKE_UP,16077,wupang,10,none
2015-04-26,OUT_OF_BED,16077,wupang,-10,none
2015-04-26,OUT_OF_BED,16321,wupang,-251,none
2015-04-26,WAKE_UP,16321,wupang,-240,none
2015-04-26,IN_BED,1849,wupang,-18,none
2015-04-26,OUT_OF_BED,15274,wupang,45,none
2015-04-26,OUT_OF_BED,15899,wupang,-108,none
2015-04-26,OUT_OF_BED,15822,wupang,-4,none
2015-04-26,OUT_OF_BED,16339,wupang,-62,none
2015-04-26,WAKE_UP,16339,wupang,-67,none
2015-04-26,SLEEP,1965,wupang,30,none
2015-04-26,WAKE_UP,1965,wupang,30,none
2015-04-26,WAKE_UP,15976,wupang,60,none
2015-04-26,WAKE_UP,16337,wupang,-211,none
2015-04-26,WAKE_UP,15514,wupang,-37,none
2015-04-26,OUT_OF_BED,15514,wupang,-36,none
2015-04-26,OUT_OF_BED,1409,wupang,-39,none
2015-04-26,OUT_OF_BED,15073,wupang,229,none
2015-04-26,WAKE_UP,15268,wupang,179,none
2015-04-26,OUT_OF_BED,16099,wupang,53,none
2015-04-26,OUT_OF_BED,16079,wupang,-49,none
2015-04-26,WAKE_UP,15512,wupang,-94,none
2015-04-26,OUT_OF_BED,15512,wupang,-105,none
2015-04-26,OUT_OF_BED,15217,wupang,219,none
2015-04-26,OUT_OF_BED,1755,wupang,-372,none
2015-04-26,WAKE_UP,15591,wupang,-170,none
2015-04-26,OUT_OF_BED,1707,wupang,-145,none
2015-04-26,WAKE_UP,15524,wupang,60,none
2015-04-26,OUT_OF_BED,15524,wupang,23,none
2015-04-26,SLEEP,15524,wupang,-8,none
2015-04-26,IN_BED,16373,wupang,89,none
2015-04-26,WAKE_UP,15352,wupang,-120,none
2015-04-26,OUT_OF_BED,15105,wupang,-60,none
2015-04-26,OUT_OF_BED,1493,wupang,60,none
2015-04-26,SLEEP,1964,wupang,60,none
2015-04-26,OUT_OF_BED,15190,wupang,42,none
2015-04-26,OUT_OF_BED,15469,wupang,-30,none
2015-04-26,SLEEP,16076,wupang,60,none
2015-04-26,IN_BED,16058,wupang,-60,none
2015-04-26,OUT_OF_BED,15446,wupang,571,none
2015-04-26,WAKE_UP,16333,wupang,-91,none
2015-04-26,OUT_OF_BED,16393,wupang,-44,none
2015-04-27,IN_BED,16053,wupang,120,none
2015-04-26,IN_BED,15304,wupang,123,none
2015-04-26,OUT_OF_BED,15304,wupang,49,none
2015-04-27,OUT_OF_BED,1093,hmm,26,none
2015-04-27,OUT_OF_BED,1721,wupang,85,none
2015-04-27,WAKE_UP,1721,wupang,76,none
2015-04-27,OUT_OF_BED,1455,wupang,39,none
2015-04-27,OUT_OF_BED,1455,wupang,39,none
2015-04-27,SLEEP,15886,wupang,116,none
2015-04-27,OUT_OF_BED,15886,wupang,100,none
2015-04-27,WAKE_UP,15254,wupang,65,none
2015-04-27,OUT_OF_BED,15254,wupang,64,none
2015-04-26,WAKE_UP,15469,wupang,-116,none
2015-04-27,IN_BED,15286,wupang,120,none
2015-04-27,SLEEP,15286,wupang,120,none
2015-04-27,WAKE_UP,1768,wupang,22,none
2015-04-27,OUT_OF_BED,1768,wupang,13,none
2015-04-27,WAKE_UP,1545,wupang,98,none
2015-04-27,OUT_OF_BED,1545,wupang,92,none
2015-04-27,IN_BED,15968,wupang,84,none
2015-04-27,OUT_OF_BED,16154,wupang,10,none
2015-04-27,WAKE_UP,15883,wupang,96,none
2015-04-27,OUT_OF_BED,15883,wupang,95,none
2015-04-27,WAKE_UP,16223,wupang,120,none
2015-04-27,WAKE_UP,16223,wupang,0,none
2015-04-27,WAKE_UP,16273,wupang,100,none
2015-04-26,OUT_OF_BED,16234,wupang,-95,none
2015-04-27,WAKE_UP,16273,wupang,34,none
2015-04-26,WAKE_UP,16234,wupang,-86,none
2015-04-27,SLEEP,16416,wupang,17,none
2015-04-27,SLEEP,16077,wupang,33,none
2015-04-27,WAKE_UP,1498,wupang,38,none
2015-04-27,OUT_OF_BED,1508,wupang,21,none
2015-04-27,OUT_OF_BED,1498,wupang,34,none
2015-04-27,WAKE_UP,1508,wupang,86,none
2015-04-27,IN_BED,15608,wupang,-12,none
2015-04-27,OUT_OF_BED,15608,wupang,-6,none
2015-04-27,OUT_OF_BED,15676,wupang,80,none
2015-04-27,OUT_OF_BED,15329,wupang,16,none
2015-04-27,OUT_OF_BED,16156,wupang,15,none
2015-04-27,WAKE_UP,16156,wupang,0,none
2015-04-27,WAKE_UP,15783,wupang,27,none
2015-04-27,OUT_OF_BED,16195,wupang,20,none
2015-04-27,WAKE_UP,15855,wupang,7,none
2015-04-27,OUT_OF_BED,15926,wupang,117,none
2015-04-27,IN_BED,16164,wupang,70,none
2015-04-27,SLEEP,16164,wupang,63,none
2015-04-27,OUT_OF_BED,16164,wupang,15,none
2015-04-27,SLEEP,16256,wupang,60,none
2015-04-27,OUT_OF_BED,15323,wupang,74,none
2015-04-27,WAKE_UP,15323,wupang,70,none
2015-04-27,WAKE_UP,16206,wupang,33,none
2015-04-26,OUT_OF_BED,15920,wupang,52,none
2015-04-27,OUT_OF_BED,15060,wupang,17,none
2015-04-27,OUT_OF_BED,1491,wupang,34,none
2015-04-26,WAKE_UP,16063,wupang,220,none
2015-04-25,WAKE_UP,16063,wupang,278,none
2015-04-25,OUT_OF_BED,16063,wupang,300,none
2015-04-27,SLEEP,15448,wupang,835,none
2015-04-27,OUT_OF_BED,16270,wupang,180,none
2015-04-27,WAKE_UP,1541,wupang,32,none
2015-04-27,IN_BED,16434,wupang,41,none
2015-04-27,OUT_OF_BED,1541,wupang,26,none
2015-04-27,OUT_OF_BED,16421,wupang,36,none
2015-04-27,SLEEP,16202,wupang,120,none
2015-04-27,WAKE_UP,15676,wupang,76,none
2015-04-27,SLEEP,16249,wupang,5,none
2015-04-27,WAKE_UP,16263,wupang,11,none
2015-04-27,OUT_OF_BED,15524,wupang,148,none
2015-04-25,WAKE_UP,16206,wupang,151,none
2015-04-27,OUT_OF_BED,15085,wupang,26,none
2015-04-27,WAKE_UP,15292,wupang,215,none
2015-04-27,OUT_OF_BED,15292,wupang,234,none
2015-04-27,WAKE_UP,16032,wupang,79,none
2015-04-27,OUT_OF_BED,16032,wupang,68,none
2015-04-27,SLEEP,15382,wupang,780,none
2015-04-27,OUT_OF_BED,15365,wupang,22,none
2015-04-27,WAKE_UP,16343,wupang,165,none
2015-04-27,WAKE_UP,15365,wupang,12,none
2015-04-27,WAKE_UP,15920,wupang,53,none
2015-04-27,OUT_OF_BED,15920,wupang,70,none
2015-04-27,OUT_OF_BED,1400,wupang,131,none
2015-04-27,WAKE_UP,1400,wupang,138,none
2015-04-27,IN_BED,15676,wupang,433,none
2015-04-27,SLEEP,15315,wupang,113,none
2015-04-27,SLEEP,15315,wupang,16,none
2015-04-27,SLEEP,16170,wupang,135,none
2015-04-27,WAKE_UP,15094,wupang,120,none
2015-04-27,OUT_OF_BED,15094,wupang,39,none
2015-04-27,SLEEP,15089,wupang,42,none
2015-04-27,OUT_OF_BED,15089,wupang,17,none
2015-04-27,IN_BED,15098,wupang,132,none
2015-04-27,SLEEP,15098,wupang,145,none
2015-04-27,OUT_OF_BED,16104,wupang,17,none
2015-04-27,WAKE_UP,15159,wupang,179,none
2015-04-27,OUT_OF_BED,15159,wupang,112,none
2015-04-27,IN_BED,15159,wupang,0,none
2015-04-27,WAKE_UP,16023,wupang,168,none
2015-04-27,WAKE_UP,16020,wupang,235,none
2015-04-27,OUT_OF_BED,16020,wupang,234,none
2015-04-27,WAKE_UP,15935,wupang,60,none
2015-04-27,OUT_OF_BED,15935,wupang,54,none
2015-04-27,WAKE_UP,15846,wupang,-35,none
2015-04-27,WAKE_UP,1788,wupang,109,none
2015-04-27,OUT_OF_BED,1748,wupang,86,none
2015-04-27,WAKE_UP,1839,wupang,138,none
2015-04-27,WAKE_UP,1445,wupang,-14,none
2015-04-27,OUT_OF_BED,1445,wupang,-24,none
2015-04-27,OUT_OF_BED,15393,wupang,45,none
2015-04-27,OUT_OF_BED,15287,wupang,86,none
2015-04-27,OUT_OF_BED,15287,wupang,64,none
2015-04-27,SLEEP,15249,wupang,-9,none
2015-04-27,OUT_OF_BED,1442,wupang,60,none
2015-04-27,OUT_OF_BED,16308,wupang,106,none
2015-04-27,OUT_OF_BED,15705,wupang,121,none
2015-04-27,OUT_OF_BED,16178,wupang,29,none
2015-04-27,OUT_OF_BED,15809,wupang,106,none
2015-04-27,WAKE_UP,16266,wupang,100,none
2015-04-27,WAKE_UP,16077,wupang,19,none
2015-04-27,WAKE_UP,15877,wupang,180,none
2015-04-27,OUT_OF_BED,15877,wupang,173,none
2015-04-27,OUT_OF_BED,16065,wupang,128,none
2015-04-27,OUT_OF_BED,15792,wupang,23,none
2015-04-27,OUT_OF_BED,15792,wupang,21,none
2015-04-27,OUT_OF_BED,15965,wupang,65,none
2015-04-27,WAKE_UP,15965,wupang,66,none
2015-04-27,OUT_OF_BED,1507,wupang,12,none
2015-04-27,OUT_OF_BED,15947,wupang,34,none
2015-04-26,WAKE_UP,1507,wupang,-44,none
2015-04-26,OUT_OF_BED,1507,wupang,-49,none
2015-04-27,OUT_OF_BED,1546,wupang,-26,none
2015-04-27,OUT_OF_BED,1614,wupang,27,none
2015-04-27,SLEEP,1614,wupang,-60,none
2015-04-27,SLEEP,1372,wupang,28,none
2015-04-27,WAKE_UP,1614,wupang,28,none
2015-04-27,WAKE_UP,1372,wupang,125,none
2015-04-27,OUT_OF_BED,1372,wupang,116,none
2015-04-27,SLEEP,15904,wupang,120,none
2015-04-27,WAKE_UP,15813,wupang,60,none
2015-04-27,WAKE_UP,15904,wupang,34,none
2015-04-27,SLEEP,16215,wupang,159,none
2015-04-27,WAKE_UP,1676,wupang,35,none
2015-04-27,IN_BED,16215,wupang,155,none
2015-04-27,IN_BED,15222,wupang,42,none
2015-04-27,SLEEP,15222,wupang,49,none
2015-04-27,WAKE_UP,1853,wupang,14,none
2015-04-27,IN_BED,15892,wupang,60,none
2015-04-26,OUT_OF_BED,15821,wupang,-75,none
2015-04-27,OUT_OF_BED,15070,wupang,21,none
2015-04-27,OUT_OF_BED,15264,wupang,75,none
2015-04-27,OUT_OF_BED,1964,wupang,169,none
2015-04-27,OUT_OF_BED,15325,wupang,75,none
2015-04-27,WAKE_UP,15432,wupang,50,none
2015-04-27,OUT_OF_BED,15374,wupang,26,none
2015-04-27,WAKE_UP,15739,wupang,25,none
2015-04-27,OUT_OF_BED,15739,wupang,18,none
2015-04-27,SLEEP,15775,wupang,15,none
2015-04-27,WAKE_UP,16130,wupang,120,none
2015-04-27,IN_BED,16235,wupang,-74,none
2015-04-27,OUT_OF_BED,16140,wupang,133,none
2015-04-27,OUT_OF_BED,15911,wupang,73,none
2015-04-27,WAKE_UP,15247,wupang,131,none
2015-04-27,OUT_OF_BED,1761,wupang,39,none
2015-04-27,IN_BED,1761,wupang,-100,none
2015-04-27,OUT_OF_BED,1323,wupang,60,none
2015-04-27,WAKE_UP,1323,wupang,13,none
2015-04-27,OUT_OF_BED,1566,wupang,71,none
2015-04-27,OUT_OF_BED,1566,wupang,71,none
2015-04-27,OUT_OF_BED,15229,wupang,20,none
2015-04-27,SLEEP,15802,wupang,780,none
2015-04-27,OUT_OF_BED,15658,wupang,28,none
2015-04-27,OUT_OF_BED,16028,wupang,107,none
2015-04-27,WAKE_UP,16028,wupang,120,none
2015-04-27,WAKE_UP,15472,wupang,208,none
2015-04-27,WAKE_UP,15955,wupang,96,none
2015-04-27,OUT_OF_BED,15955,wupang,90,none
2015-04-27,OUT_OF_BED,16086,wupang,103,none
2015-04-27,OUT_OF_BED,16339,wupang,13,none
2015-04-27,WAKE_UP,16086,wupang,104,none
2015-04-27,SLEEP,16339,wupang,16,none
2015-04-27,WAKE_UP,15234,wupang,95,none
2015-04-27,OUT_OF_BED,15234,wupang,84,none
2015-04-27,SLEEP,15274,wupang,65,none
2015-04-27,SLEEP,15733,wupang,191,none
2015-04-27,IN_BED,15733,wupang,201,none
2015-04-27,SLEEP,1481,wupang,180,none
2015-04-27,WAKE_UP,15357,wupang,67,none
2015-04-27,OUT_OF_BED,15357,wupang,51,none
2015-04-27,SLEEP,15950,wupang,60,none
2015-04-27,SLEEP,15271,wupang,140,none
2015-04-27,OUT_OF_BED,16126,wupang,105,none
2015-04-27,WAKE_UP,16126,wupang,61,none
2015-04-27,OUT_OF_BED,16112,wupang,42,none
2015-04-27,WAKE_UP,16236,wupang,107,none
2015-04-27,OUT_OF_BED,15190,wupang,8,none
2015-04-24,SLEEP,16013,wupang,120,none
2015-04-24,IN_BED,16013,wupang,100,none
2015-04-27,OUT_OF_BED,15281,wupang,19,none
2015-04-27,WAKE_UP,15655,wupang,98,none
2015-04-27,OUT_OF_BED,15281,wupang,10,none
2015-04-27,WAKE_UP,15281,wupang,-4,none
2015-04-27,IN_BED,15944,wupang,134,none
2015-04-27,SLEEP,15944,wupang,144,none
2015-04-27,IN_BED,15966,wupang,194,none
2015-04-27,SLEEP,15966,wupang,176,none
2015-04-27,OUT_OF_BED,15274,wupang,23,none
2015-04-27,OUT_OF_BED,15837,wupang,39,none
2015-04-27,OUT_OF_BED,16118,wupang,-164,none
2015-04-27,IN_BED,16118,wupang,61,none
2015-04-27,WAKE_UP,15808,wupang,-60,none
2015-04-27,WAKE_UP,1184,wupang,79,none
2015-04-27,OUT_OF_BED,1184,wupang,94,none
2015-04-27,OUT_OF_BED,1562,wupang,51,none
2015-04-27,OUT_OF_BED,16216,wupang,510,none
2015-04-27,OUT_OF_BED,16216,wupang,245,none
2015-04-27,SLEEP,16435,wupang,226,none
2015-04-27,WAKE_UP,1725,wupang,-60,none
2015-04-27,WAKE_UP,1725,wupang,-77,none
2015-04-26,WAKE_UP,1323,wupang,-120,none
2015-04-27,OUT_OF_BED,1849,wupang,50,none
2015-04-27,IN_BED,1002,hmm,1,none
2015-04-27,OUT_OF_BED,1002,hmm,-15,none
2015-04-27,OUT_OF_BED,1609,wupang,49,none
2015-04-27,OUT_OF_BED,15822,wupang,145,none
2015-04-27,WAKE_UP,15822,wupang,156,none
2015-04-27,OUT_OF_BED,15958,wupang,192,none
2015-04-27,WAKE_UP,1516,wupang,-22,none
2015-04-27,OUT_OF_BED,1479,wupang,480,none
2015-04-27,OUT_OF_BED,1002,hmm,5,none
2015-04-27,OUT_OF_BED,15939,wupang,-30,none
2015-04-27,WAKE_UP,15962,wupang,138,none
2015-04-27,OUT_OF_BED,15962,wupang,-11,none
2015-04-27,WAKE_UP,16277,wupang,60,none
2015-04-27,WAKE_UP,15245,wupang,30,none
2015-04-27,OUT_OF_BED,15245,wupang,48,none
2015-04-25,OUT_OF_BED,16110,wupang,34,none
2015-04-25,IN_BED,16110,wupang,-174,none
2015-04-27,WAKE_UP,15917,wupang,-232,none
2015-04-27,SLEEP,1776,wupang,44,none
2015-04-27,OUT_OF_BED,16372,wupang,180,none
2015-04-27,WAKE_UP,16210,wupang,31,none
2015-04-27,WAKE_UP,16210,wupang,30,none
2015-04-27,OUT_OF_BED,16210,wupang,-32,none
2015-04-27,SLEEP,1062,hmm,-24,none
2015-04-27,SLEEP,1062,hmm,-12,none
2015-04-27,WAKE_UP,1062,hmm,94,none
2015-04-27,WAKE_UP,1522,wupang,58,none
2015-04-27,OUT_OF_BED,1522,wupang,52,none
2015-04-27,WAKE_UP,15429,wupang,-38,none
2015-04-24,WAKE_UP,15429,wupang,-141,none
2015-04-25,IN_BED,1056,voting,-379,none
2015-04-27,OUT_OF_BED,1310,hmm,48,none
2015-04-27,SLEEP,16286,wupang,212,none
2015-04-27,WAKE_UP,1310,hmm,16,none
2015-04-27,WAKE_UP,16372,wupang,180,none
2015-04-27,IN_BED,16286,wupang,248,none
2015-04-27,WAKE_UP,15841,wupang,73,none
2015-04-27,WAKE_UP,1500,wupang,60,none
2015-04-27,IN_BED,16209,wupang,17,none
2015-04-27,SLEEP,15084,wupang,330,none
2015-04-27,OUT_OF_BED,16194,wupang,302,none
2015-04-27,OUT_OF_BED,1500,wupang,60,none
2015-04-27,SLEEP,1500,wupang,0,none
2015-04-27,SLEEP,1500,wupang,0,none
2015-04-27,SLEEP,1500,wupang,-3,none
2015-04-27,OUT_OF_BED,15655,wupang,127,none
2015-04-27,WAKE_UP,15655,wupang,-74,none
2015-04-27,OUT_OF_BED,16414,wupang,173,none
2015-04-27,SLEEP,16117,wupang,85,none
2015-04-27,WAKE_UP,16117,wupang,-90,none
2015-04-27,IN_BED,15871,wupang,120,none
2015-04-27,SLEEP,15871,wupang,114,none
2015-04-24,OUT_OF_BED,15429,wupang,-149,none
2015-04-27,WAKE_UP,15294,wupang,98,none
2015-04-27,OUT_OF_BED,16190,wupang,180,none
2015-04-27,SLEEP,16254,wupang,61,none
2015-04-27,OUT_OF_BED,15261,wupang,194,none
2015-04-27,OUT_OF_BED,16254,wupang,11,none
2015-04-27,OUT_OF_BED,16373,wupang,91,none
2015-04-27,OUT_OF_BED,1053,hmm,-136,none
2015-04-27,OUT_OF_BED,1053,hmm,-136,none
2015-04-27,WAKE_UP,1053,hmm,66,none
2015-04-27,WAKE_UP,1053,hmm,66,none
2015-04-27,SLEEP,1053,hmm,89,none
2015-04-27,IN_BED,1393,wupang,84,none
2015-04-27,SLEEP,1393,wupang,36,none
2015-04-27,WAKE_UP,1393,wupang,95,none
2015-04-27,OUT_OF_BED,1393,wupang,108,none
2015-04-27,IN_BED,16030,hmm,-16,none
2015-04-27,OUT_OF_BED,1965,wupang,32,none
2015-04-27,WAKE_UP,1503,wupang,-405,none
2015-04-27,WAKE_UP,1050,hmm,137,none
2015-04-27,OUT_OF_BED,1050,hmm,166,none
2015-04-27,WAKE_UP,16220,hmm,-105,none
2015-04-27,OUT_OF_BED,1056,voting,141,none
2015-04-27,OUT_OF_BED,16220,hmm,-129,none
2015-04-27,SLEEP,16408,wupang,12,none
2015-04-27,OUT_OF_BED,16408,wupang,284,none
2015-04-27,SLEEP,15304,wupang,152,none
2015-04-27,OUT_OF_BED,15304,wupang,66,none
2015-04-27,WAKE_UP,15939,wupang,-30,none
2015-04-27,IN_BED,15233,wupang,20,none
2015-04-27,WAKE_UP,15847,wupang,-369,none
2015-04-26,WAKE_UP,15800,wupang,179,none
2015-04-27,OUT_OF_BED,16040,hmm,165,none
2015-04-26,OUT_OF_BED,15800,wupang,192,none
2015-04-27,SLEEP,1446,wupang,29,none
2015-04-24,SLEEP,15858,wupang,-53,none
2015-04-27,WAKE_UP,16277,wupang,-41,none
2015-04-27,SLEEP,1363,wupang,94,none
2015-04-27,WAKE_UP,1363,wupang,-49,none
2015-04-27,OUT_OF_BED,1363,wupang,-40,none
2015-04-27,OUT_OF_BED,15185,wupang,-48,none
2015-04-27,WAKE_UP,15185,wupang,-37,none
2015-04-27,OUT_OF_BED,16340,hmm,-34,none
2015-04-27,WAKE_UP,1323,wupang,-20,none
2015-04-27,OUT_OF_BED,1323,wupang,-26,none
2015-04-27,OUT_OF_BED,16024,wupang,42,none
2015-04-27,OUT_OF_BED,1614,wupang,-6,none
2015-04-27,WAKE_UP,1614,wupang,26,none
2015-04-27,OUT_OF_BED,15992,hmm,-151,none
2015-04-27,WAKE_UP,15992,hmm,-150,none
2015-04-27,SLEEP,15992,hmm,32,none
2015-04-27,WAKE_UP,15984,wupang,187,none
2015-04-27,IN_BED,16229,wupang,-303,none
2015-04-27,SLEEP,16229,wupang,-301,none
2015-04-27,IN_BED,1072,hmm,-120,none
2015-04-27,SLEEP,1072,hmm,-117,none
2015-04-27,IN_BED,1477,wupang,183,none
2015-04-27,SLEEP,1477,wupang,277,none
2015-04-27,OUT_OF_BED,1477,wupang,60,none
2015-04-27,OUT_OF_BED,16170,wupang,-280,none
2015-04-27,WAKE_UP,15467,wupang,-111,none
2015-04-27,WAKE_UP,16170,wupang,-267,none
2015-04-27,SLEEP,1556,wupang,25,none
2015-04-27,SLEEP,16170,wupang,-39,none
2015-04-27,OUT_OF_BED,1409,wupang,-38,none
2015-04-27,WAKE_UP,15920,wupang,-169,none
2015-04-27,OUT_OF_BED,15920,wupang,-139,none
2015-04-27,SLEEP,15920,wupang,-74,none
2015-04-27,IN_BED,16124,wupang,923,none
2015-04-27,SLEEP,1012,hmm,3,none
2015-04-27,IN_BED,16276,wupang,20,none
2015-04-27,WAKE_UP,15291,wupang,-60,none
2015-04-27,OUT_OF_BED,15909,wupang,-25,none
2015-04-27,WAKE_UP,15512,hmm,-117,none
2015-04-27,OUT_OF_BED,15512,hmm,-118,none
2015-04-27,OUT_OF_BED,15922,hmm,94,none
2015-04-27,WAKE_UP,16443,wupang,-203,none
2015-04-27,OUT_OF_BED,16318,wupang,-259,none
2015-04-27,WAKE_UP,16318,wupang,-258,none
2015-04-27,IN_BED,15477,wupang,812,none
2015-04-27,SLEEP,15994,wupang,120,none
2015-04-27,OUT_OF_BED,15888,wupang,11,none
2015-04-27,WAKE_UP,15070,wupang,15,none
2015-04-27,IN_BED,15711,wupang,-51,none
2015-04-27,OUT_OF_BED,15972,wupang,-286,none
2015-04-27,SLEEP,15972,wupang,-18,none
2015-04-27,WAKE_UP,15972,wupang,-254,none
2015-04-27,IN_BED,1522,wupang,116,none
2015-04-27,WAKE_UP,1522,wupang,62,none
2015-04-27,SLEEP,16125,wupang,98,none
2015-04-27,SLEEP,16125,wupang,98,none
2015-04-27,OUT_OF_BED,15343,wupang,25,none
2015-04-25,WAKE_UP,15863,wupang,-133,none
2015-04-27,OUT_OF_BED,16120,hmm,-16,none
2015-04-27,WAKE_UP,16120,hmm,49,none
2015-04-27,OUT_OF_BED,1603,wupang,-60,none
2015-04-27,OUT_OF_BED,15542,hmm,-306,none
2015-04-27,WAKE_UP,15542,hmm,-285,none
2015-04-27,WAKE_UP,15542,hmm,-165,none
2015-04-27,OUT_OF_BED,1063,wupang,-119,none
2015-04-27,OUT_OF_BED,1702,hmm,104,none
2015-04-27,WAKE_UP,1702,hmm,117,none
2015-04-27,WAKE_UP,15886,wupang,12,none
2015-04-27,IN_BED,16093,wupang,335,none
2015-04-27,OUT_OF_BED,15886,wupang,-23,none
2015-04-26,OUT_OF_BED,15341,wupang,56,none
2015-04-27,IN_BED,15903,wupang,121,none
2015-04-27,SLEEP,16418,wupang,38,none
2015-04-27,SLEEP,16130,wupang,37,none
2015-04-27,IN_BED,15892,wupang,69,none
2015-04-27,OUT_OF_BED,15892,wupang,-331,none
2015-04-27,WAKE_UP,15855,wupang,21,none
2015-04-27,OUT_OF_BED,15990,wupang,-168,none
2015-04-27,WAKE_UP,15990,wupang,-2,none
2015-04-24,WAKE_UP,15858,wupang,-362,none
2015-04-27,WAKE_UP,16130,wupang,-237,none
2015-04-27,OUT_OF_BED,16130,wupang,-265,none
2015-04-26,OUT_OF_BED,15329,wupang,-300,none
2015-04-26,WAKE_UP,15329,wupang,-300,none
2015-04-27,IN_BED,15942,hmm,53,none
2015-04-27,SLEEP,15942,hmm,41,none
2015-04-27,WAKE_UP,15886,wupang,188,none
2015-04-27,OUT_OF_BED,15886,wupang,-10,none
2015-04-25,WAKE_UP,15721,wupang,351,none
2015-04-26,WAKE_UP,15970,wupang,-55,none
2015-04-26,OUT_OF_BED,15970,wupang,-82,none
2015-04-26,WAKE_UP,15431,wupang,-222,none
2015-04-26,OUT_OF_BED,15431,wupang,-239,none
2015-04-26,WAKE_UP,15431,wupang,-120,none
2015-04-26,WAKE_UP,16130,wupang,-235,none
2015-04-26,OUT_OF_BED,16130,wupang,-258,none
2015-04-25,WAKE_UP,15488,wupang,-120,none
2015-04-25,OUT_OF_BED,15488,wupang,376,none
2015-04-25,WAKE_UP,15488,wupang,257,none
